cv_2,D54,,Line,""
cv_3,D55,,Line,""
cv_4,D56,,Line,""
cv_5,D59,,Line,""
cv_6,D5A,,Line,""
cv_7,D5C,,Line,""
cv_8,D5D,,Line,""
cv_9,D5E,,Line,""
cv_10,D5F,,Line,""
cv_11,D61,,Line,""
cv_12,D67,,Line,""
cv_13,D68,,Line,""
cv_14,D7E,,Line,""
cv_15,D80,,Line,""
cv_16,D81,,Line,""
cv_17,D82,,Line,""
cv_18,D83,,Line,""
cv_19,D84,,Line,""
cv_20,D85,,Line,""
cv_21,D86,,Line,""
cv_22,D87,,Line,""
cv_23,D88,,Line,""
cv_24,11B6,,Line,""
cv_25,1256,,Line,""
cv_26,1257,,Line,""
cv_27,125F,,Line,""
cv_28,128E,,Line,""
cv_29,12A0,,Line,""
cv_30,12A1,,Line,""
cv_31,12A6,,Line,""
cv_32,12A9,,Line,""
cv_33,12AB,,Line,""
cv_34,12AC,,Line,""
cv_35,12AF,,Line,""
cv_36,12B0,,Line,""
cv_37,12B1,,Line,""
cv_38,12B6,,Line,""
cv_39,12BA,,Line,""
cv_40,12C0,,Line,""
cv_41,12D6,,Line,""
cv_42,12D7,,Line,""
cv_43,12D8,,Line,""
cv_44,12DA,,Line,""
cv_45,12E0,,Line,""
cv_46,12E3,,Line,""
cv_47,12ED,,Line,""
cv_48,12F1,,Line,""
cv_49,12F3,,Line,""
cv_50,12F4,,Line,""
cv_51,12F8,,Line,""
cv_52,12F9,,Line,""
cv_53,1303,,Line,""
cv_54,1304,,Line,""
cv_55,14C4,,Line,""
cv_56,1564,,Line,""
cv_57,156B,,Line,""
cv_58,1574,,Line,""
cv_59,1579,,Line,""
cv_60,157A,,Line,""
cv_61,157E,,Line,""
cv_62,157F,,Line,""
cv_63,1580,,Line,""
cv_64,1581,,Line,""
cv_65,1582,,Line,""
cv_66,1586,,Line,""
cv_67,1588,,Line,""
cv_68,1589,,Line,""
cv_69,158B,,Line,""
cv_70,158E,,Line,""
cv_71,1590,,Line,""
cv_72,1591,,Line,""
cv_73,1593,,Line,""
cv_74,1594,,Line,""
cv_75,1595,,Line,""
cv_76,1596,,Line,""
cv_77,1597,,Line,""
cv_78,1598,,Line,""
cv_79,1599,,Line,""
cv_80,159A,,Line,""
cv_81,159D,,Line,""
cv_82,159F,,Line,""
cv_83,15A7,,Line,""
cv_84,15A8,,Line,""
cv_85,15AB,,Line,""
cv_86,15AC,,Line,""
cv_87,15AD,,Line,""
cv_88,15AE,,Line,""
cv_89,15AF,,Line,""
cv_90,15B0,,Line,""
cv_91,15B1,,Line,""
cv_92,15B2,,Line,""
cv_93,15B5,,Line,""
cv_94,15B6,,Line,""
cv_95,15B7,,Line,""
cv_96,15B8,,Line,""
cv_97,15BB,,Line,""
cv_98,15BD,,Line,""
cv_99,15BE,,Line,""
cv_100,15BF,,Line,""
cv_101,15D6,,Line,""
cv_102,15D9,,Line,""
cv_103,15DE,,Line,""
cv_104,15E0,,Line,""
cv_105,15E1,,Line,""
cv_106,15F2,,Line,""
cv_107,15F4,,Line,""
cv_108,15F5,,Line,""
cv_109,15F6,,Line,""
cv_110,15F7,,Line,""
cv_111,15F9,,Line,""
cv_112,15FA,,Line,""
cv_113,15FC,,Line,""
cv_114,15FD,,Line,""
cv_115,15FE,,Line,""
cv_116,15FF,,Line,""
cv_117,1600,,Line,""
cv_118,1601,,Line,""
cv_119,1602,,Line,""
cv_120,1603,,Line,""
cv_121,1614,,Line,""
cv_122,1617,,Line,""
cv_123,1618,,Line,""
cv_124,1619,,Line,""
cv_125,161A,,Line,""
cv_126,161B,,Line,""
cv_127,161C,,Line,""
cv_128,1620,,Line,""
cv_129,1622,,Line,""
cv_130,1625,,Line,""
cv_131,163C,,Line,""
cv_132,163D,,Line,""
cv_133,163F,,Line,""
cv_134,1644,,Line,""
cv_135,1645,,Line,""
cv_136,164F,,Line,""
cv_137,1650,,Line,""
cv_138,1657,,Line,""
cv_139,1667,,Line,""
cv_140,1668,,Line,""
cv_141,1669,,Line,""
cv_142,166B,,Line,""
cv_143,16AF,,Line,""
cv_144,16B1,,Line,""
cv_145,16B5,,Line,""
cv_146,16B6,,Line,""
cv_147,16B7,,Line,""
cv_148,16C2,,Line,""
cv_149,16C5,,Line,""
cv_150,16C6,,Line,""
cv_151,16C8,,Line,""
cv_152,16CA,,Line,""
cv_153,16CB,,Line,""
cv_154,16CC,,Line,""
cv_155,16CD,,Line,""
cv_156,16CE,,Line,""
cv_157,16D0,,Line,""
cv_158,16D1,,Line,""
cv_159,16D2,,Line,""
cv_160,16D3,,Line,""
cv_161,16D4,,Line,""
cv_162,16D6,,Line,""
cv_163,16D8,,Line,""
cv_164,16DB,,Line,""
cv_165,16DD,,Line,""
cv_166,16DE,,Line,""
cv_167,16E0,,Line,""
cv_168,16E1,,Line,""
cv_169,16E2,,Line,""
cv_170,17C0,,Line,""
cv_171,17C1,,Line,""
cv_172,17C4,,Line,""
cv_173,17C5,,Line,""
cv_174,17C8,,Line,""
cv_175,17C9,,Line,""
cv_176,17CB,,Line,""
cv_177,17D0,,Line,""
cv_178,17E9,,Line,""
cv_179,17F8,,Line,""
cv_180,17F9,,Line,""
cv_181,17FD,,Line,""
cv_182,17FF,,Line,""
cv_183,1802,,Line,""
cv_184,180B,,Line,""
cv_185,1810,,Line,""
cv_186,1826,,Line,""
cv_187,1827,,Line,""
cv_188,1828,,Line,""
cv_189,1829,,Line,""
cv_190,182D,,Line,""
cv_191,182E,,Line,""
cv_192,184F,,Line,""
cv_193,1853,,Line,""
cv_194,191C,,Line,""
cv_195,D4A,,Line,""
cv_196,D50,,Line,""
cv_197,D53,,Line,""
cv_198,D54,,Line,""
cv_199,D55,,Line,""
cv_200,D56,,Line,""
cv_201,D59,,Line,""
cv_202,D5A,,Line,""
cv_203,D5C,,Line,""
cv_204,D5D,,Line,""
cv_205,D5E,,Line,""
cv_206,D5F,,Line,""
cv_207,D60,,Line,""
cv_208,D61,,Line,""
cv_209,D64,,Line,""
cv_210,D67,,Line,""
cv_211,D68,,Line,""
cv_212,D69,,Line,""
cv_213,D6B,,Line,""
cv_214,D7C,,Line,""
cv_215,D7D,,Line,""
cv_216,D7E,,Line,""
cv_217,D7F,,Line,""
cv_218,D80,,Line,""
cv_219,D81,,Line,""
cv_220,D82,,Line,""
cv_221,D83,,Line,""
cv_222,D84,,Line,""
cv_223,D85,,Line,""
cv_224,D86,,Line,""
cv_225,D87,,Line,""
cv_226,D88,,Line,""
cv_227,D89,,Line,""
cv_228,D8A,,Line,""
cv_229,D8B,,Line,""
cv_230,D8C,,Line,""
cv_231,D8D,,Line,""
cv_232,D8E,,Line,""
cv_233,D8F,,Line,""
cv_234,D90,,Line,""
cv_235,D91,,Line,""
cv_236,D92,,Line,""
cv_237,D99,,Line,""
cv_238,DA0,,Line,""
cv_239,DA1,,Line,""
cv_240,DA2,,Line,""
cv_241,DAA,,Line,""
cv_242,DAB,,Line,""
cv_243,DB1,,Line,""
cv_244,DB3,,Line,""
cv_245,DB5,,Line,""
cv_246,DC1,,Line,""
cv_247,DCA,,Line,""
cv_248,DCB,,Line,""
cv_249,DE5,,Line,""
cv_250,DEA,,Line,""
cv_251,DF1,,Line,""
cv_252,DF2,,Line,""
cv_253,DF5,,Line,""
cv_254,DF9,,Line,""
cv_255,DFB,,Line,""
cv_256,DFC,,Line,""
cv_257,E1C,,Line,""
cv_258,E20,,Line,""
cv_259,E23,,Line,""
cv_260,E24,,Line,""
cv_261,E25,,Line,""
cv_262,E26,,Line,""
cv_263,E3A,,Line,""
cv_264,E3C,,Line,""
cv_265,E3D,,Line,""
cv_266,E3E,,Line,""
cv_267,E43,,Line,""
cv_268,E44,,Line,""
cv_269,E45,,Line,""
cv_270,E47,,Line,""
cv_271,E49,,Line,""
cv_272,E4E,,Line,""
cv_273,E4F,,Line,""
cv_274,E51,,Line,""
cv_275,E5F,,Line,""
cv_276,E63,,Line,""
cv_277,E73,,Line,""
cv_278,E8B,,Line,""
cv_279,E8C,,Line,""
cv_280,E8E,,Line,""
cv_281,E90,,Line,""
cv_282,E92,,Line,""
cv_283,E99,,Line,""
cv_284,E9B,,Line,""
cv_285,EA9,,Line,""
cv_286,EAD,,Line,""
cv_287,EC2,,Line,""
cv_288,ECC,,Line,""
cv_289,ED4,,Line,""
cv_290,EDD,,Line,""
cv_291,EDE,,Line,""
cv_292,EEC,,Line,""
cv_293,F0B,,Line,""
cv_294,F0C,,Line,""
cv_295,F1D,,Line,""
cv_296,F1F,,Line,""
cv_297,F27,,Line,""
cv_298,F2A,,Line,""
cv_299,F2F,,Line,""
cv_300,F42,,Line,""
cv_301,F43,,Line,""
cv_302,F45,,Line,""
cv_303,F4B,,Line,""
cv_304,F4C,,Line,""
cv_305,F4D,,Line,""
cv_306,F54,,Line,""
cv_307,F55,,Line,""
cv_308,F56,,Line,""
cv_309,F5B,,Line,""
cv_310,F5C,,Line,""
cv_311,F62,,Line,""
cv_312,F63,,Line,""
cv_313,F64,,Line,""
cv_314,F65,,Line,""
cv_315,F82,,Line,""
cv_316,F9B,,Line,""
cv_317,F9C,,Line,""
cv_318,F9D,,Line,""
cv_319,F9E,,Line,""
cv_320,F9F,,Line,""
cv_321,FA0,,Line,""
cv_322,FA2,,Line,""
cv_323,FB2,,Line,""
cv_324,FBF,,Line,""
cv_325,FC0,,Line,""
cv_326,FC1,,Line,""
cv_327,FC2,,Line,""
cv_328,FC3,,Line,""
cv_329,FC4,,Line,""
cv_330,FC5,,Line,""
cv_331,FC6,,Line,""
cv_332,FC7,,Line,""
cv_333,FC8,,Line,""
cv_334,FC9,,Line,""
cv_335,FCA,,Line,""
cv_336,FCB,,Line,""
cv_337,FCC,,Line,""
cv_338,FCD,,Line,""
cv_339,FCE,,Line,""
cv_340,FCF,,Line,""
cv_341,FD0,,Line,""
cv_342,FD1,,Line,""
cv_343,FD3,,Line,""
cv_344,FD6,,Line,""
cv_345,FD7,,Line,""
cv_346,FDB,,Line,""
cv_347,FDC,,Line,""
cv_348,FDF,,Line,""
cv_349,FE0,,Line,""
cv_350,FE3,,Line,""
cv_351,FE4,,Line,""
cv_352,FE5,,Line,""
cv_353,FE8,,Line,""
cv_354,FE9,,Line,""
cv_355,FEA,,Line,""
cv_356,1007,,Line,""
cv_357,1009,,Line,""
cv_358,1010,,Line,""
cv_359,1015,,Line,""
cv_360,1019,,Line,""
cv_361,102C,,Line,""
cv_362,1032,,Line,""
cv_363,1034,,Line,""
cv_364,103D,,Line,""
cv_365,1061,,Line,""
cv_366,1062,,Line,""
cv_367,1064,,Line,""
cv_368,1076,,Line,""
cv_369,1078,,Line,""
cv_370,107B,,Line,""
cv_371,107C,,Line,""
cv_372,107E,,Line,""
cv_373,107F,,Line,""
cv_374,1080,,Line,""
cv_375,1081,,Line,""
cv_376,1083,,Line,""
cv_377,1085,,Line,""
cv_378,1086,,Line,""
cv_379,1087,,Line,""
cv_380,1088,,Line,""
cv_381,1089,,Line,""
cv_382,109B,,Line,""
cv_383,109E,,Line,""
cv_384,109F,,Line,""
cv_385,10A0,,Line,""
cv_386,10A5,,Line,""
cv_387,10AF,,Line,""
cv_388,10BB,,Line,""
cv_389,10BE,,Line,""
cv_390,10BF,,Line,""
cv_391,10C0,,Line,""
cv_392,10C1,,Line,""
cv_393,10C2,,Line,""
cv_394,10C3,,Line,""
cv_395,10C4,,Line,""
cv_396,10C5,,Line,""
cv_397,10C6,,Line,""
cv_398,10C7,,Line,""
cv_399,10E9,,Line,""
cv_400,10EA,,Line,""
cv_401,10EB,,Line,""
cv_402,10EF,,Line,""
cv_403,10FB,,Line,""
cv_404,10FF,,Line,""
cv_405,1132,,Line,""
cv_406,1135,,Line,""
cv_407,113C,,Line,""
cv_408,1140,,Line,""
cv_409,1141,,Line,""
cv_410,114C,,Line,""
cv_411,116C,,Line,""
cv_412,116D,,Line,""
cv_413,1173,,Line,""
cv_414,117F,,Line,""
cv_415,1180,,Line,""
cv_416,1181,,Line,""
cv_417,1182,,Line,""
cv_418,1185,,Line,""
cv_419,11A1,,Line,""
cv_420,11AA,,Line,""
cv_421,11AB,,Line,""
cv_422,11AD,,Line,""
cv_423,11AE,,Line,""
cv_424,11AF,,Line,""
cv_425,11B0,,Line,""
cv_426,11B1,,Line,""
cv_427,11B6,,Line,""
cv_428,11B7,,Line,""
cv_429,11B8,,Line,""
cv_430,11B9,,Line,""
cv_431,11BA,,Line,""
cv_432,11BD,,Line,""
cv_433,11BE,,Line,""
cv_434,11CC,,Line,""
cv_435,11CD,,Line,""
cv_436,11CE,,Line,""
cv_437,11CF,,Line,""
cv_438,11D0,,Line,""
cv_439,11D1,,Line,""
cv_440,11D2,,Line,""
cv_441,11D3,,Line,""
cv_442,11D4,,Line,""
cv_443,11D5,,Line,""
cv_444,11D6,,Line,""
cv_445,11D7,,Line,""
cv_446,11D8,,Line,""
cv_447,11DE,,Line,""
cv_448,11EF,,Line,""
cv_449,1202,,Line,""
cv_450,1203,,Line,""
cv_451,1204,,Line,""
cv_452,1255,,Line,""
cv_453,1256,,Line,""
cv_454,1257,,Line,""
cv_455,1258,,Line,""
cv_456,125D,,Line,""
cv_457,125E,,Line,""
cv_458,125F,,Line,""
cv_459,1260,,Line,""
cv_460,1261,,Line,""
cv_461,1267,,Line,""
cv_462,126B,,Line,""
cv_463,126C,,Line,""
cv_464,126E,,Line,""
cv_465,1276,,Line,""
cv_466,1279,,Line,""
cv_467,127A,,Line,""
cv_468,127B,,Line,""
cv_469,1281,,Line,""
cv_470,1285,,Line,""
cv_471,1288,,Line,""
cv_472,128B,,Line,""
cv_473,128C,,Line,""
cv_474,128E,,Line,""
cv_475,1293,,Line,""
cv_476,1295,,Line,""
cv_477,1296,,Line,""
cv_478,1297,,Line,""
cv_479,1298,,Line,""
cv_480,129D,,Line,""
cv_481,129E,,Line,""
cv_482,129F,,Line,""
cv_483,12A0,,Line,""
cv_484,12A1,,Line,""
cv_485,12A6,,Line,""
cv_486,12A8,,Line,""
cv_487,12A9,,Line,""
cv_488,12AB,,Line,""
cv_489,12AC,,Line,""
cv_490,12AF,,Line,""
cv_491,12B0,,Line,""
cv_492,12B1,,Line,""
cv_493,12B6,,Line,""
cv_494,12BA,,Line,""
cv_495,12BC,,Line,""
cv_496,12BD,,Line,""
cv_497,12C0,,Line,""
cv_498,12C1,,Line,""
cv_499,12C2,,Line,""
cv_500,12C3,,Line,""
cv_501,12C6,,Line,""
cv_502,12CD,,Line,""
cv_503,12CE,,Line,""
cv_504,12D0,,Line,""
cv_505,12D2,,Line,""
cv_506,12D6,,Line,""
cv_507,12D7,,Line,""
cv_508,12D8,,Line,""
cv_509,12D9,,Line,""
cv_510,12DA,,Line,""
cv_511,12DB,,Line,""
cv_512,12DF,,Line,""
cv_513,12E0,,Line,""
cv_514,12E1,,Line,""
cv_515,12E2,,Line,""
cv_516,12E3,,Line,""
cv_517,12ED,,Line,""
cv_518,12F1,,Line,""
cv_519,12F3,,Line,""
cv_520,12F4,,Line,""
cv_521,12F8,,Line,""
cv_522,12F9,,Line,""
cv_523,12FA,,Line,""
cv_524,12FB,,Line,""
cv_525,12FE,,Line,""
cv_526,1303,,Line,""
cv_527,1304,,Line,""
cv_528,1307,,Line,""
cv_529,130F,,Line,""
cv_530,1310,,Line,""
cv_531,1313,,Line,""
cv_532,132C,,Line,""
cv_533,132D,,Line,""
cv_534,132E,,Line,""
cv_535,132F,,Line,""
cv_536,1332,,Line,""
cv_537,1333,,Line,""
cv_538,1334,,Line,""
cv_539,1335,,Line,""
cv_540,1336,,Line,""
cv_541,134B,,Line,""
cv_542,1423,,Line,""
cv_543,1428,,Line,""
cv_544,1432,,Line,""
cv_545,14AD,,Line,""
cv_546,14B6,,Line,""
cv_547,14BD,,Line,""
cv_548,14BE,,Line,""
cv_549,14BF,,Line,""
cv_550,14C0,,Line,""
cv_551,14C1,,Line,""
cv_552,14C2,,Line,""
cv_553,14C3,,Line,""
cv_554,14C4,,Line,""
cv_555,14C5,,Line,""
cv_556,14C6,,Line,""
cv_557,14C7,,Line,""
cv_558,14CA,,Line,""
cv_559,14DA,,Line,""
cv_560,14E2,,Line,""
cv_561,14E3,,Line,""
cv_562,14E5,,Line,""
cv_563,14E6,,Line,""
cv_564,14E7,,Line,""
cv_565,14E8,,Line,""
cv_566,14EC,,Line,""
cv_567,1516,,Line,""
cv_568,1522,,Line,""
cv_569,152B,,Line,""
cv_570,152C,,Line,""
cv_571,152F,,Line,""
cv_572,1530,,Line,""
cv_573,1531,,Line,""
cv_574,1533,,Line,""
cv_575,1536,,Line,""
cv_576,1538,,Line,""
cv_577,153C,,Line,""
cv_578,153D,,Line,""
cv_579,153E,,Line,""
cv_580,1540,,Line,""
cv_581,1541,,Line,""
cv_582,1542,,Line,""
cv_583,154C,,Line,""
cv_584,154D,,Line,""
cv_585,154E,,Line,""
cv_586,154F,,Line,""
cv_587,1551,,Line,""
cv_588,1556,,Line,""
cv_589,1559,,Line,""
cv_590,155A,,Line,""
cv_591,155E,,Line,""
cv_592,155F,,Line,""
cv_593,1560,,Line,""
cv_594,1564,,Line,""
cv_595,1565,,Line,""
cv_596,1566,,Line,""
cv_597,1567,,Line,""
cv_598,156B,,Line,""
cv_599,1574,,Line,""
cv_600,1579,,Line,""
cv_601,157A,,Line,""
cv_602,157B,,Line,""
cv_603,157C,,Line,""
cv_604,157D,,Line,""
cv_605,157E,,Line,""
cv_606,157F,,Line,""
cv_607,1580,,Line,""
cv_608,1581,,Line,""
cv_609,1582,,Line,""
cv_610,1586,,Line,""
cv_611,1588,,Line,""
cv_612,1589,,Line,""
cv_613,158B,,Line,""
cv_614,158E,,Line,""
cv_615,1590,,Line,""
cv_616,1591,,Line,""
cv_617,1593,,Line,""
cv_618,1594,,Line,""
cv_619,1595,,Line,""
cv_620,1596,,Line,""
cv_621,1597,,Line,""
cv_622,1598,,Line,""
cv_623,1599,,Line,""
cv_624,159A,,Line,""
cv_625,159D,,Line,""
cv_626,159F,,Line,""
cv_627,15A4,,Line,""
cv_628,15A5,,Line,""
cv_629,15A7,,Line,""
cv_630,15A8,,Line,""
cv_631,15AB,,Line,""
cv_632,15AC,,Line,""
cv_633,15AD,,Line,""
cv_634,15AE,,Line,""
cv_635,15AF,,Line,""
cv_636,15B0,,Line,""
cv_637,15B1,,Line,""
cv_638,15B2,,Line,""
cv_639,15B5,,Line,""
cv_640,15B6,,Line,""
cv_641,15B7,,Line,""
cv_642,15B8,,Line,""
cv_643,15BB,,Line,""
cv_644,15BD,,Line,""
cv_645,15BE,,Line,""
cv_646,15BF,,Line,""
cv_647,15C0,,Line,""
cv_648,15C3,,Line,""
cv_649,15C6,,Line,""
cv_650,15C9,,Line,""
cv_651,15D6,,Line,""
cv_652,15D7,,Line,""
cv_653,15D9,,Line,""
cv_654,15DB,,Line,""
cv_655,15DE,,Line,""
cv_656,15E0,,Line,""
cv_657,15E1,,Line,""
cv_658,15EE,,Line,""
cv_659,15EF,,Line,""
cv_660,15F2,,Line,""
cv_661,15F4,,Line,""
cv_662,15F5,,Line,""
cv_663,15F6,,Line,""
cv_664,15F7,,Line,""
cv_665,15F9,,Line,""
cv_666,15FA,,Line,""
cv_667,15FC,,Line,""
cv_668,15FD,,Line,""
cv_669,15FE,,Line,""
cv_670,15FF,,Line,""
cv_671,1600,,Line,""
cv_672,1601,,Line,""
cv_673,1602,,Line,""
cv_674,1603,,Line,""
cv_675,1614,,Line,""
cv_676,1617,,Line,""
cv_677,1618,,Line,""
cv_678,1619,,Line,""
cv_679,161A,,Line,""
cv_680,161B,,Line,""
cv_681,161C,,Line,""
cv_682,1620,,Line,""
cv_683,1622,,Line,""
cv_684,1625,,Line,""
cv_685,163C,,Line,""
cv_686,163D,,Line,""
cv_687,163F,,Line,""
cv_688,1640,,Line,""
cv_689,1641,,Line,""
cv_690,1644,,Line,""
cv_691,1645,,Line,""
cv_692,1646,,Line,""
cv_693,1648,,Line,""
cv_694,164F,,Line,""
cv_695,1650,,Line,""
cv_696,1657,,Line,""
cv_697,1667,,Line,""
cv_698,1668,,Line,""
cv_699,1669,,Line,""
cv_700,166B,,Line,""
cv_701,16A7,,Line,""
cv_702,16AF,,Line,""
cv_703,16B1,,Line,""
cv_704,16B4,,Line,""
cv_705,16B5,,Line,""
cv_706,16B6,,Line,""
cv_707,16B7,,Line,""
cv_708,16BA,,Line,""
cv_709,16BB,,Line,""
cv_710,16BE,,Line,""
cv_711,16BF,,Line,""
cv_712,16C0,,Line,""
cv_713,16C2,,Line,""
cv_714,16C5,,Line,""
cv_715,16C6,,Line,""
cv_716,16C8,,Line,""
cv_717,16CA,,Line,""
cv_718,16CB,,Line,""
cv_719,16CC,,Line,""
cv_720,16CD,,Line,""
cv_721,16CE,,Line,""
cv_722,16D0,,Line,""
cv_723,16D1,,Line,""
cv_724,16D2,,Line,""
cv_725,16D3,,Line,""
cv_726,16D4,,Line,""
cv_727,16D6,,Line,""
cv_728,16D8,,Line,""
cv_729,16D9,,Line,""
cv_730,16DB,,Line,""
cv_731,16DD,,Line,""
cv_732,16DE,,Line,""
cv_733,16E0,,Line,""
cv_734,16E1,,Line,""
cv_735,16E2,,Line,""
cv_736,16E3,,Line,""
cv_737,16E5,,Line,""
cv_738,171D,,Line,""
cv_739,1736,,Line,""
cv_740,173D,,Line,""
cv_741,173F,,Line,""
cv_742,1741,,Line,""
cv_743,174E,,Line,""
cv_744,174F,,Line,""
cv_745,1750,,Line,""
cv_746,175F,,Line,""
cv_747,1760,,Line,""
cv_748,1777,,Line,""
cv_749,1779,,Line,""
cv_750,177B,,Line,""
cv_751,1794,,Line,""
cv_752,17A4,,Line,""
cv_753,17BB,,Line,""
cv_754,17C0,,Line,""
cv_755,17C1,,Line,""
cv_756,17C4,,Line,""
cv_757,17C5,,Line,""
cv_758,17C8,,Line,""
cv_759,17C9,,Line,""
cv_760,17CB,,Line,""
cv_761,17D0,,Line,""
cv_762,17E9,,Line,""
cv_763,17F8,,Line,""
cv_764,17F9,,Line,""
cv_765,17FD,,Line,""
cv_766,17FF,,Line,""
cv_767,1802,,Line,""
cv_768,180B,,Line,""
cv_769,1810,,Line,""
cv_770,1826,,Line,""
cv_771,1827,,Line,""
cv_772,1828,,Line,""
cv_773,1829,,Line,""
cv_774,182A,,Line,""
cv_775,182D,,Line,""
cv_776,182E,,Line,""
cv_777,1830,,Line,""
cv_778,1841,,Line,""
cv_779,1842,,Line,""
cv_780,1843,,Line,""
cv_781,1845,,Line,""
cv_782,1848,,Line,""
cv_783,184B,,Line,""
cv_784,184C,,Line,""
cv_785,184F,,Line,""
cv_786,1853,,Line,""
cv_787,1858,,Line,""
cv_788,185C,,Line,""
cv_789,185D,,Line,""
cv_790,185E,,Line,""
cv_791,1860,,Line,""
cv_792,1861,,Line,""
cv_793,1862,,Line,""
cv_794,1864,,Line,""
cv_795,1865,,Line,""
cv_796,1866,,Line,""
cv_797,1867,,Line,""
cv_798,186A,,Line,""
cv_799,186B,,Line,""
cv_800,186E,,Line,""
cv_801,1872,,Line,""
cv_802,1873,,Line,""
cv_803,1874,,Line,""
cv_804,1875,,Line,""
cv_805,187C,,Line,""
cv_806,188A,,Line,""
cv_807,188B,,Line,""
cv_808,18B0,,Line,""
cv_809,18B6,,Line,""
cv_810,18B7,,Line,""
cv_811,18F5,,Line,""
cv_812,18F8,,Line,""
cv_813,18F9,,Line,""
cv_814,18FC,,Line,""
cv_815,1900,,Line,""
cv_816,1903,,Line,""
cv_817,1905,,Line,""
cv_818,190A,,Line,""
cv_819,1910,,Line,""
cv_820,1911,,Line,""
cv_821,1912,,Line,""
cv_822,1919,,Line,""
cv_823,191A,,Line,""
cv_824,191B,,Line,""
cv_825,191C,,Line,""
cv_826,1921,,Line,""
cv_827,1922,,Line,""
cv_828,1926,,Line,""
cv_829,1930,,Line,""
cv_830,1932,,Line,""
cv_831,1941,,Line,""
cv_832,1942,,Line,""
cv_833,1959,,Line,""
cv_834,195D,,Line,""
cv_835,195E,,Line,""
cv_836,1966,,Line,""
cv_837,1969,,Line,""
cv_838,196A,,Line,""
cv_839,196B,,Line,""
cv_840,196C,,Line,""
cv_841,196D,,Line,""
cv_842,196E,,Line,""
cv_843,196F,,Line,""
cv_844,1976,,Line,""
cv_845,1977,,Line,""
cv_846,1978,,Line,""
cv_847,197C,,Line,""
cv_848,1982,,Line,""
cv_849,1983,,Line,""
cv_850,1986,,Line,""
cv_851,198B,,Line,""
cv_852,198C,,Line,""
cv_853,198D,,Line,""
cv_854,198F,,Line,""
cv_855,1990,,Line,""
cv_856,1991,,Line,""
cv_857,1994,,Line,""
cv_858,19A0,,Line,""
cv_859,19C2,,Line,""
cv_860,19C3,,Line,""
cv_861,19C9,,Line,""
cv_862,19CF,,Line,""
cv_863,19D0,,Line,""
cv_864,19D1,,Line,""
cv_865,19D3,,Line,""
cv_866,19D4,,Line,""
cv_867,19D5,,Line,""
cv_868,19D6,,Line,""
cv_869,19D7,,Line,""
cv_870,19DA,,Line,""
cv_871,19DB,,Line,""
cv_875,129B,,Arc,""
cv_876,129C,,Arc,""
cv_877,12A3,,Polyline,""
cv_878,12DD,,Arc,""
cv_879,14BB,,Polyline,""
cv_880,163E,,Arc,""
cv_881,1642,,Arc,""
cv_882,1643,,Arc,""
cv_883,1649,,Arc,""
cv_884,1851,,Arc,""
cv_885,1852,,Arc,""
cv_886,D70,,Polyline,""
cv_887,D71,,Polyline,""
cv_888,D9D,,Polyline,""
cv_889,10C8,,Polyline,""
cv_890,11CB,,Polyline,""
cv_891,12A3,,Polyline,""
cv_892,14BA,,Polyline,""
cv_893,14BB,,Polyline,""
cv_894,1548,,Polyline,""
cv_895,1549,,Polyline,""
cv_896,1563,,Polyline,""
cv_897,156E,,Polyline,""
cv_898,D79,,Line,""
cv_899,D7A,,Line,""
cv_900,FD2,,Polyline,""
cv_901,1259,,Line,""
cv_902,125A,,Line,""
cv_903,128F,,Line,""
cv_904,1290,,Line,""
cv_905,12A2,,Line,""
cv_906,12A4,,Line,""
cv_907,12A5,,Line,""
cv_908,12B5,,Line,""
cv_909,12B9,,Line,""
cv_910,12BB,,Line,""
cv_911,12D5,,Line,""
cv_912,12DC,,Arc,""
cv_913,12E9,,Line,""
cv_914,12EA,,Line,""
cv_915,12EE,,Line,""
cv_916,12EF,,Line,""
cv_917,12F0,,Line,""
cv_918,12F2,,Line,""
cv_919,1549,,Polyline,""
cv_920,15AA,,Line,""
cv_921,15B3,,Line,""
cv_922,15DC,,Line,""
cv_923,15DD,,Line,""
cv_924,160E,,Line,""
cv_925,164A,,Line,""
cv_926,164B,,Line,""
cv_927,164C,,Line,""
cv_928,1651,,Line,""
cv_929,1653,,Line,""
cv_930,1666,,Line,""
cv_931,16C1,,Line,""
cv_932,16C3,,Line,""
cv_933,16DA,,Line,""
cv_934,16DC,,Line,""
cv_935,184D,,Line,""
cv_936,184E,,Line,""
cv_937,1856,,Line,""
cv_938,1857,,Line,""
cv_939,D77,,Line,""
cv_940,D78,,Line,""
cv_941,D79,,Line,""
cv_942,D7A,,Line,""
cv_943,D9E,,Polyline,""
cv_944,E89,,Line,""
cv_945,F1E,,Line,""
cv_946,F20,,Line,""
cv_947,F60,,Line,""
cv_948,FA7,,Line,""
cv_949,FA8,,Line,""
cv_950,FA9,,Polyline,""
cv_951,FAC,,Polyline,""
cv_952,FD2,,Polyline,""
cv_953,FD4,,Line,""
cv_954,FD5,,Line,""
cv_955,FF9,,Line,""
cv_956,100B,,Line,""
cv_957,100C,,Line,""
cv_958,100D,,Line,""
cv_959,100E,,Line,""
cv_960,100F,,Line,""
cv_961,10A3,,Line,""
cv_962,10A4,,Line,""
cv_963,10AB,,Line,""
cv_964,10AC,,Line,""
cv_965,10F0,,Line,""
cv_966,10F1,,Line,""
cv_967,10F2,,Polyline,""
cv_968,11A8,,Line,""
cv_969,11A9,,Line,""
cv_970,11B5,,Polyline,""
cv_971,1259,,Line,""
cv_972,125A,,Line,""
cv_973,127D,,Line,""
cv_974,127E,,Line,""
cv_975,128F,,Line,""
cv_976,1290,,Line,""
cv_977,12A2,,Line,""
cv_978,12A4,,Line,""
cv_979,12A5,,Line,""
cv_980,12B5,,Line,""
cv_981,12B9,,Line,""
cv_982,12BB,,Line,""
cv_983,12D5,,Line,""
cv_984,12E9,,Line,""
cv_985,12EA,,Line,""
cv_986,12EE,,Line,""
cv_987,12EF,,Line,""
cv_988,12F0,,Line,""
cv_989,12F2,,Line,""
cv_990,1305,,Line,""
cv_991,1306,,Line,""
cv_992,1311,,Line,""
cv_993,1312,,Line,""
cv_994,1429,,Line,""
cv_995,142A,,Line,""
cv_996,14A2,,Line,""
cv_997,14A3,,Line,""
cv_998,14B9,,Polyline,""
cv_999,14DC,,Line,""
cv_1000,14DD,,Line,""
cv_1001,14ED,,Line,""
cv_1002,14EE,,Line,""
cv_1003,1543,,Polyline,""
cv_1004,1562,,Polyline,""
cv_1005,1568,,Line,""
cv_1006,1569,,Line,""
cv_1007,1571,,Line,""
cv_1008,1572,,Line,""
cv_1009,15A1,,Line,""
cv_1010,15A2,,Line,""
cv_1011,15AA,,Line,""
cv_1012,15B3,,Line,""
cv_1013,15C1,,Line,""
cv_1014,15C2,,Line,""
cv_1015,15C7,,Line,""
cv_1016,15C8,,Line,""
cv_1017,15D1,,Line,""
cv_1018,15D2,,Line,""
cv_1019,15DC,,Line,""
cv_1020,15DD,,Line,""
cv_1021,160E,,Line,""
cv_1022,164A,,Line,""
cv_1023,164B,,Line,""
cv_1024,164C,,Line,""
cv_1025,1651,,Line,""
cv_1026,1653,,Line,""
cv_1027,1666,,Line,""
cv_1028,16C1,,Line,""
cv_1029,16C3,,Line,""
cv_1030,16DA,,Line,""
cv_1031,16DC,,Line,""
cv_1032,177C,,Line,""
cv_1033,177D,,Line,""
cv_1034,1839,,Line,""
cv_1035,183A,,Line,""
cv_1036,183F,,Line,""
cv_1037,1840,,Line,""
cv_1038,184D,,Line,""
cv_1039,184E,,Line,""
cv_1040,1856,,Line,""
cv_1041,1857,,Line,""
cv_1042,18B1,,Line,""
cv_1043,18B2,,Line,""
cv_1044,1904,,Line,""
cv_1045,1906,,Line,""
cv_1046,190B,,Line,""
cv_1047,190C,,Line,""
cv_1048,1964,,Line,""
cv_1049,1965,,Line,""
cv_1050,1988,,Line,""
cv_1051,1989,,Line,""
cv_1052,D57,,Arc,""
cv_1053,D58,,Arc,""
cv_1054,12AD,,Arc,""
cv_1055,12AE,,Arc,""
cv_1056,12B2,,Arc,""
cv_1057,12B3,,Arc,""
cv_1058,12B4,,Arc,""
cv_1059,12B7,,Arc,""
cv_1060,12B8,,Arc,""
cv_1061,12E4,,Arc,""
cv_1062,12E5,,Arc,""
cv_1063,12E7,,Arc,""
cv_1064,12E8,,Arc,""
cv_1065,12EB,,Arc,""
cv_1066,12EC,,Arc,""
cv_1067,15B4,,Arc,""
cv_1068,15DF,,Arc,""
cv_1069,1609,,Arc,""
cv_1070,1610,,Arc,""
cv_1071,163A,,Arc,""
cv_1072,163B,,Arc,""
cv_1073,1654,,Arc,""
cv_1074,16DF,,Arc,""
cv_1075,16E6,,Arc,""
cv_1076,1854,,Arc,""
cv_1077,1855,,Arc,""
cv_1078,D57,,Arc,""
cv_1079,D58,,Arc,""
cv_1080,D65,,Arc,""
cv_1081,1011,,Arc,""
cv_1082,1012,,Arc,""
cv_1083,1013,,Arc,""
cv_1084,1014,,Arc,""
cv_1085,10A6,,Arc,""
cv_1086,10A7,,Arc,""
cv_1087,10AD,,Arc,""
cv_1088,10AE,,Arc,""
cv_1089,10E7,,Arc,""
cv_1090,10E8,,Arc,""
cv_1091,1263,,Arc,""
cv_1092,1264,,Arc,""
cv_1093,1280,,Arc,""
cv_1094,1284,,Arc,""
cv_1095,129B,,Arc,""
cv_1096,129C,,Arc,""
cv_1097,12AD,,Arc,""
cv_1098,12AE,,Arc,""
cv_1099,12B2,,Arc,""
cv_1100,12B3,,Arc,""
cv_1101,12B4,,Arc,""
cv_1102,12B7,,Arc,""
cv_1103,12B8,,Arc,""
cv_1104,12DC,,Arc,""
cv_1105,12DD,,Arc,""
cv_1106,12E4,,Arc,""
cv_1107,12E5,,Arc,""
cv_1108,12E7,,Arc,""
cv_1109,12E8,,Arc,""
cv_1110,12EB,,Arc,""
cv_1111,12EC,,Arc,""
cv_1112,1315,,Arc,""
cv_1113,1316,,Arc,""
cv_1114,1421,,Arc,""
cv_1115,1422,,Arc,""
cv_1116,146B,,Arc,""
cv_1117,146C,,Arc,""
cv_1118,14B5,,Arc,""
cv_1119,14EA,,Arc,""
cv_1120,14EB,,Arc,""
cv_1121,1552,,Arc,""
cv_1122,1553,,Arc,""
cv_1123,15B4,,Arc,""
cv_1124,15CA,,Arc,""
cv_1125,15CB,,Arc,""
cv_1126,15D3,,Arc,""
cv_1127,15D4,,Arc,""
cv_1128,15D8,,Arc,""
cv_1129,15DA,,Arc,""
cv_1130,15DF,,Arc,""
cv_1131,15F0,,Arc,""
cv_1132,15F1,,Arc,""
cv_1133,1609,,Arc,""
cv_1134,1610,,Arc,""
cv_1135,163A,,Arc,""
cv_1136,163B,,Arc,""
cv_1137,163E,,Arc,""
cv_1138,1642,,Arc,""
cv_1139,1643,,Arc,""
cv_1140,1649,,Arc,""
cv_1141,1654,,Arc,""
cv_1142,16A9,,Arc,""
cv_1143,16AA,,Arc,""
cv_1144,16BC,,Arc,""
cv_1145,16BD,,Arc,""
cv_1146,16DF,,Arc,""
cv_1147,16E6,,Arc,""
cv_1148,182B,,Arc,""
cv_1149,182C,,Arc,""
cv_1150,1833,,Arc,""
cv_1151,1834,,Arc,""
cv_1152,1851,,Arc,""
cv_1153,1852,,Arc,""
cv_1154,1854,,Arc,""
cv_1155,1855,,Arc,""
cv_1156,18AE,,Arc,""
cv_1157,18AF,,Arc,""
cv_1158,1901,,Arc,""
cv_1159,1902,,Arc,""
cv_1160,1907,,Arc,""
cv_1161,1909,,Arc,""
cv_1162,197E,,Arc,""
cv_1163,197F,,Arc,""
cv_1167,66,DA8,Solid,"North_20_Arrow_1"
cv_1168,66,DA8,Solid,"North_20_Arrow_1"
cv_1169,67,DA8,Solid,"North_20_Arrow_1"
cv_1170,67,DA8,Solid,"North_20_Arrow_1"
cv_1171,68,DA8,Solid,"North_20_Arrow_1"
cv_1172,68,DA8,Solid,"North_20_Arrow_1"
cv_1173,69,DA8,Solid,"North_20_Arrow_1"
cv_1174,69,DA8,Solid,"North_20_Arrow_1"
cv_1175,6A,DA8,Solid,"North_20_Arrow_1"
cv_1176,6A,DA8,Solid,"North_20_Arrow_1"
cv_1177,6B,DA8,Solid,"North_20_Arrow_1"
cv_1178,6B,DA8,Solid,"North_20_Arrow_1"
cv_1179,6C,DA8,Solid,"North_20_Arrow_1"
cv_1180,6C,DA8,Solid,"North_20_Arrow_1"
cv_1181,6D,DA8,Solid,"North_20_Arrow_1"
cv_1182,6D,DA8,Solid,"North_20_Arrow_1"
cv_1184,6E,DA8,Polyline,"North_20_Arrow_1"
cv_1185,6F,DA8,Polyline,"North_20_Arrow_1"
cv_1186,70,DA8,Polyline,"North_20_Arrow_1"
cv_1187,71,DA8,Polyline,"North_20_Arrow_1"
cv_1188,72,DA8,Polyline,"North_20_Arrow_1"
cv_1189,73,DA8,Polyline,"North_20_Arrow_1"
cv_1190,74,DA8,Polyline,"North_20_Arrow_1"
cv_1191,75,DA8,Polyline,"North_20_Arrow_1"
cv_1192,76,DA8,Polyline,"North_20_Arrow_1"
cv_1193,7A,DA8,Polyline,"North_20_Arrow_1"
cv_1194,7D,DA8,Polyline,"North_20_Arrow_1"
cv_1195,7E,DA8,Polyline,"North_20_Arrow_1"
cv_1196,77,DA8,Polyline,"North_20_Arrow_1"
cv_1197,78,DA8,Polyline,"North_20_Arrow_1"
cv_1198,7B,DA8,Line,"North_20_Arrow_1"
cv_1199,7C,DA8,Line,"North_20_Arrow_1"
cv_1200,7F,DA8,Polyline,"North_20_Arrow_1"
cv_1201,80,DA8,Polyline,"North_20_Arrow_1"
cv_1202,81,DA8,Circle,"North_20_Arrow_1"
cv_1203,82,DA8,Circle,"North_20_Arrow_1"
cv_1204,79,DA8,Text,"North_20_Arrow_1"
cv_1206,19DE,,Text,""
cv_1207,D5B,,Polyline,""
cv_1208,12F5,,Polyline,""
cv_1209,12F6,,Polyline,""
cv_1210,1302,,Polyline,""
cv_1211,158C,,Polyline,""
cv_1212,158D,,Polyline,""
cv_1213,15F3,,Polyline,""
cv_1214,15FB,,Polyline,""
cv_1215,1604,,Polyline,""
cv_1216,1605,,Polyline,""
cv_1217,1606,,Polyline,""
cv_1218,1607,,Polyline,""
cv_1219,1608,,Polyline,""
cv_1220,160A,,Polyline,""
cv_1221,160B,,Polyline,""
cv_1222,160C,,Polyline,""
cv_1223,160D,,Polyline,""
cv_1224,160F,,Polyline,""
cv_1225,1611,,Polyline,""
cv_1226,1613,,Polyline,""
cv_1227,1615,,Polyline,""
cv_1228,1616,,Polyline,""
cv_1229,161D,,Polyline,""
cv_1230,161E,,Polyline,""
cv_1231,161F,,Polyline,""
cv_1232,1621,,Polyline,""
cv_1233,1623,,Polyline,""
cv_1234,1624,,Polyline,""
cv_1235,1626,,Polyline,""
cv_1236,1627,,Polyline,""
cv_1237,1628,,Polyline,""
cv_1238,1629,,Polyline,""
cv_1239,162A,,Polyline,""
cv_1240,162B,,Polyline,""
cv_1241,162C,,Polyline,""
cv_1242,162D,,Polyline,""
cv_1243,162E,,Polyline,""
cv_1244,162F,,Polyline,""
cv_1245,1630,,Polyline,""
cv_1246,1631,,Polyline,""
cv_1247,1632,,Polyline,""
cv_1248,1633,,Polyline,""
cv_1249,1634,,Polyline,""
cv_1250,1635,,Polyline,""
cv_1251,1636,,Polyline,""
cv_1252,1637,,Polyline,""
cv_1253,1638,,Polyline,""
cv_1254,1639,,Polyline,""
cv_1255,16C4,,Polyline,""
cv_1256,16C9,,Polyline,""
cv_1257,16CF,,Polyline,""
cv_1258,16D5,,Polyline,""
cv_1259,16D7,,Polyline,""
cv_1260,16E4,,Polyline,""
cv_1261,16EA,,Polyline,""
cv_1262,16EB,,Polyline,""
cv_1263,16EC,,Polyline,""
cv_1264,16ED,,Polyline,""
cv_1265,16EE,,Polyline,""
cv_1266,16EF,,Polyline,""
cv_1267,16F0,,Polyline,""
cv_1268,16F2,,Polyline,""
cv_1269,16F5,,Polyline,""
cv_1270,16F6,,Polyline,""
cv_1271,16F7,,Polyline,""
cv_1272,16F8,,Polyline,""
cv_1273,170A,,Polyline,""
cv_1274,1715,,Polyline,""
cv_1275,1716,,Polyline,""
cv_1276,17BD,,Polyline,""
cv_1277,17C7,,Polyline,""
cv_1278,17CE,,Polyline,""
cv_1279,17DD,,Polyline,""
cv_1280,17DE,,Polyline,""
cv_1281,17FE,,Polyline,""
cv_1282,1800,,Polyline,""
cv_1283,1807,,Polyline,""
cv_1284,1808,,Polyline,""
cv_1285,1809,,Polyline,""
cv_1286,180A,,Polyline,""
cv_1287,180C,,Polyline,""
cv_1288,180D,,Polyline,""
cv_1289,180E,,Polyline,""
cv_1290,180F,,Polyline,""
cv_1291,1811,,Polyline,""
cv_1292,1812,,Polyline,""
cv_1293,1813,,Polyline,""
cv_1294,1814,,Polyline,""
cv_1295,1815,,Polyline,""
cv_1296,1816,,Polyline,""
cv_1297,1817,,Polyline,""
cv_1298,1818,,Polyline,""
cv_1299,1832,,Polyline,""
cv_1300,1837,,Polyline,""
cv_1301,D4B,,Polyline,""
cv_1302,D4C,,Polyline,""
cv_1303,D52,,Polyline,""
cv_1304,D5B,,Polyline,""
cv_1305,11A5,,Polyline,""
cv_1306,12F5,,Polyline,""
cv_1307,12F6,,Polyline,""
cv_1308,12F7,,Polyline,""
cv_1309,1300,,Polyline,""
cv_1310,1301,,Polyline,""
cv_1311,1302,,Polyline,""
cv_1312,1308,,Polyline,""
cv_1313,1309,,Polyline,""
cv_1314,130A,,Polyline,""
cv_1315,130B,,Polyline,""
cv_1316,130C,,Polyline,""
cv_1317,130D,,Polyline,""
cv_1318,13C3,,Polyline,""
cv_1319,1424,,Polyline,""
cv_1320,1425,,Polyline,""
cv_1321,1433,,Polyline,""
cv_1322,1434,,Polyline,""
cv_1323,1441,,Polyline,""
cv_1324,1442,,Polyline,""
cv_1325,1445,,Polyline,""
cv_1326,1451,,Polyline,""
cv_1327,1452,,Polyline,""
cv_1328,1453,,Polyline,""
cv_1329,1455,,Polyline,""
cv_1330,145A,,Polyline,""
cv_1331,145B,,Polyline,""
cv_1332,145D,,Polyline,""
cv_1333,145F,,Polyline,""
cv_1334,1463,,Polyline,""
cv_1335,1464,,Polyline,""
cv_1336,1465,,Polyline,""
cv_1337,1466,,Polyline,""
cv_1338,1467,,Polyline,""
cv_1339,1468,,Polyline,""
cv_1340,1469,,Polyline,""
cv_1341,146A,,Polyline,""
cv_1342,1470,,Polyline,""
cv_1343,1472,,Polyline,""
cv_1344,1476,,Polyline,""
cv_1345,1477,,Polyline,""
cv_1346,1481,,Polyline,""
cv_1347,1482,,Polyline,""
cv_1348,1483,,Polyline,""
cv_1349,1484,,Polyline,""
cv_1350,1485,,Polyline,""
cv_1351,1489,,Polyline,""
cv_1352,148C,,Polyline,""
cv_1353,148F,,Polyline,""
cv_1354,1490,,Polyline,""
cv_1355,1491,,Polyline,""
cv_1356,1496,,Polyline,""
cv_1357,1497,,Polyline,""
cv_1358,1498,,Polyline,""
cv_1359,1499,,Polyline,""
cv_1360,149A,,Polyline,""
cv_1361,149B,,Polyline,""
cv_1362,149C,,Polyline,""
cv_1363,149D,,Polyline,""
cv_1364,149E,,Polyline,""
cv_1365,149F,,Polyline,""
cv_1366,14A0,,Polyline,""
cv_1367,14A1,,Polyline,""
cv_1368,14A5,,Polyline,""
cv_1369,1554,,Polyline,""
cv_1370,1555,,Polyline,""
cv_1371,1557,,Polyline,""
cv_1372,1558,,Polyline,""
cv_1373,158C,,Polyline,""
cv_1374,158D,,Polyline,""
cv_1375,15F3,,Polyline,""
cv_1376,15FB,,Polyline,""
cv_1377,1604,,Polyline,""
cv_1378,1605,,Polyline,""
cv_1379,1606,,Polyline,""
cv_1380,1607,,Polyline,""
cv_1381,1608,,Polyline,""
cv_1382,160A,,Polyline,""
cv_1383,160B,,Polyline,""
cv_1384,160C,,Polyline,""
cv_1385,160D,,Polyline,""
cv_1386,160F,,Polyline,""
cv_1387,1611,,Polyline,""
cv_1388,1613,,Polyline,""
cv_1389,1615,,Polyline,""
cv_1390,1616,,Polyline,""
cv_1391,161D,,Polyline,""
cv_1392,161E,,Polyline,""
cv_1393,161F,,Polyline,""
cv_1394,1621,,Polyline,""
cv_1395,1623,,Polyline,""
cv_1396,1624,,Polyline,""
cv_1397,1626,,Polyline,""
cv_1398,1627,,Polyline,""
cv_1399,1628,,Polyline,""
cv_1400,1629,,Polyline,""
cv_1401,162A,,Polyline,""
cv_1402,162B,,Polyline,""
cv_1403,162C,,Polyline,""
cv_1404,162D,,Polyline,""
cv_1405,162E,,Polyline,""
cv_1406,162F,,Polyline,""
cv_1407,1630,,Polyline,""
cv_1408,1631,,Polyline,""
cv_1409,1632,,Polyline,""
cv_1410,1633,,Polyline,""
cv_1411,1634,,Polyline,""
cv_1412,1635,,Polyline,""
cv_1413,1636,,Polyline,""
cv_1414,1637,,Polyline,""
cv_1415,1638,,Polyline,""
cv_1416,1639,,Polyline,""
cv_1417,16A6,,Polyline,""
cv_1418,16A8,,Polyline,""
cv_1419,16C4,,Polyline,""
cv_1420,16C9,,Polyline,""
cv_1421,16CF,,Polyline,""
cv_1422,16D5,,Polyline,""
cv_1423,16D7,,Polyline,""
cv_1424,16E4,,Polyline,""
cv_1425,16EA,,Polyline,""
cv_1426,16EB,,Polyline,""
cv_1427,16EC,,Polyline,""
cv_1428,16ED,,Polyline,""
cv_1429,16EE,,Polyline,""
cv_1430,16EF,,Polyline,""
cv_1431,16F0,,Polyline,""
cv_1432,16F2,,Polyline,""
cv_1433,16F5,,Polyline,""
cv_1434,16F6,,Polyline,""
cv_1435,16F7,,Polyline,""
cv_1436,16F8,,Polyline,""
cv_1437,170A,,Polyline,""
cv_1438,1715,,Polyline,""
cv_1439,1716,,Polyline,""
cv_1440,1738,,Polyline,""
cv_1441,1739,,Polyline,""
cv_1442,1740,,Polyline,""
cv_1443,1751,,Polyline,""
cv_1444,1761,,Polyline,""
cv_1445,1763,,Polyline,""
cv_1446,1765,,Polyline,""
cv_1447,1766,,Polyline,""
cv_1448,176C,,Polyline,""
cv_1449,176E,,Polyline,""
cv_1450,176F,,Polyline,""
cv_1451,1770,,Polyline,""
cv_1452,1771,,Polyline,""
cv_1453,1772,,Polyline,""
cv_1454,1774,,Polyline,""
cv_1455,1775,,Polyline,""
cv_1456,1776,,Polyline,""
cv_1457,1778,,Polyline,""
cv_1458,1793,,Polyline,""
cv_1459,1795,,Polyline,""
cv_1460,1796,,Polyline,""
cv_1461,1797,,Polyline,""
cv_1462,179D,,Polyline,""
cv_1463,179E,,Polyline,""
cv_1464,179F,,Polyline,""
cv_1465,17A0,,Polyline,""
cv_1466,17A1,,Polyline,""
cv_1467,17A2,,Polyline,""
cv_1468,17A3,,Polyline,""
cv_1469,17A5,,Polyline,""
cv_1470,17A6,,Polyline,""
cv_1471,17A7,,Polyline,""
cv_1472,17A8,,Polyline,""
cv_1473,17A9,,Polyline,""
cv_1474,17AA,,Polyline,""
cv_1475,17AB,,Polyline,""
cv_1476,17AC,,Polyline,""
cv_1477,17AD,,Polyline,""
cv_1478,17AE,,Polyline,""
cv_1479,17AF,,Polyline,""
cv_1480,17B0,,Polyline,""
cv_1481,17B1,,Polyline,""
cv_1482,17B2,,Polyline,""
cv_1483,17B3,,Polyline,""
cv_1484,17B4,,Polyline,""
cv_1485,17B5,,Polyline,""
cv_1486,17B6,,Polyline,""
cv_1487,17B7,,Polyline,""
cv_1488,17B8,,Polyline,""
cv_1489,17B9,,Polyline,""
cv_1490,17BA,,Polyline,""
cv_1491,17BD,,Polyline,""
cv_1492,17C7,,Polyline,""
cv_1493,17CE,,Polyline,""
cv_1494,17DD,,Polyline,""
cv_1495,17DE,,Polyline,""
cv_1496,17FE,,Polyline,""
cv_1497,1800,,Polyline,""
cv_1498,1807,,Polyline,""
cv_1499,1808,,Polyline,""
cv_1500,1809,,Polyline,""
cv_1501,180A,,Polyline,""
cv_1502,180C,,Polyline,""
cv_1503,180D,,Polyline,""
cv_1504,180E,,Polyline,""
cv_1505,180F,,Polyline,""
cv_1506,1811,,Polyline,""
cv_1507,1812,,Polyline,""
cv_1508,1813,,Polyline,""
cv_1509,1814,,Polyline,""
cv_1510,1815,,Polyline,""
cv_1511,1816,,Polyline,""
cv_1512,1817,,Polyline,""
cv_1513,1818,,Polyline,""
cv_1514,1832,,Polyline,""
cv_1515,1835,,Polyline,""
cv_1516,1836,,Polyline,""
cv_1517,1837,,Polyline,""
cv_1518,1838,,Polyline,""
cv_1519,183B,,Polyline,""
cv_1520,183C,,Polyline,""
cv_1521,183D,,Polyline,""
cv_1522,1844,,Polyline,""
cv_1523,1846,,Polyline,""
cv_1524,1847,,Polyline,""
cv_1525,1849,,Polyline,""
cv_1526,184A,,Polyline,""
cv_1527,191F,,Polyline,""
cv_1528,1924,,Polyline,""
cv_1529,1927,,Polyline,""
cv_1530,1929,,Polyline,""
cv_1531,192A,,Polyline,""
cv_1532,192B,,Polyline,""
cv_1533,192C,,Polyline,""
cv_1534,192D,,Polyline,""
cv_1535,192E,,Polyline,""
cv_1536,192F,,Polyline,""
cv_1537,1931,,Polyline,""
cv_1538,1933,,Polyline,""
cv_1539,1934,,Polyline,""
cv_1540,1935,,Polyline,""
cv_1541,1936,,Polyline,""
cv_1542,1937,,Polyline,""
cv_1543,1938,,Polyline,""
cv_1544,1939,,Polyline,""
cv_1545,193A,,Polyline,""
cv_1546,193B,,Polyline,""
cv_1547,193C,,Polyline,""
cv_1548,193D,,Polyline,""
cv_1549,193E,,Polyline,""
cv_1550,193F,,Polyline,""
cv_1551,1940,,Polyline,""
cv_1552,1943,,Polyline,""
cv_1553,1945,,Polyline,""
cv_1554,1946,,Polyline,""
cv_1555,1948,,Polyline,""
cv_1556,1949,,Polyline,""
cv_1557,194A,,Polyline,""
cv_1558,194B,,Polyline,""
cv_1559,194C,,Polyline,""
cv_1560,194D,,Polyline,""
cv_1561,194E,,Polyline,""
cv_1562,194F,,Polyline,""
cv_1563,1950,,Polyline,""
cv_1564,1951,,Polyline,""
cv_1565,1952,,Polyline,""
cv_1566,1953,,Polyline,""
cv_1567,1954,,Polyline,""
cv_1568,1955,,Polyline,""
cv_1569,1957,,Polyline,""
cv_1570,1958,,Polyline,""
cv_1571,195A,,Polyline,""
cv_1572,195B,,Polyline,""
cv_1573,195C,,Polyline,""
cv_1574,19E4,,Polyline,""
cv_1575,19E5,,Polyline,""
cv_1576,19DD,,Polyline,""
cv_1577,19E2,,Polyline,""
cv_1578,19E3,,Polyline,""
cv_1579,19E4,,Polyline,""
cv_1580,19E5,,Polyline,""
cv_1581,19E7,,Polyline,""
cv_1582,19E8,,Polyline,""
cv_1583,19E9,,Polyline,""
cv_1584,19EA,,Polyline,""
cv_1585,19EB,,Polyline,""
cv_1586,19EC,,Polyline,""
cv_1587,19ED,,Polyline,""
cv_1588,19EF,,Polyline,""
cv_1589,19F0,,Polyline,""
cv_1590,19F1,,Polyline,""
cv_1591,19F2,,Polyline,""
cv_1592,19F3,,Polyline,""
cv_1593,19DE,,Text,""
cv_1594,19EE,,Text,""
cv_1598,D66,,Polyline,""
cv_1599,D66,,Polyline,""
cv_1600,D66,,Polyline,""
cv_1601,D66,,Polyline,""
cv_1602,D66,,Polyline,""
cv_1603,D66,,Polyline,""
cv_1604,D66,,Polyline,""
cv_1605,D66,,Polyline,""
cv_1606,D66,,Polyline,""
cv_1607,D66,,Polyline,""
cv_1608,D6C,,Polyline,""
cv_1609,15B9,,Polyline,""
cv_1610,15BA,,Polyline,""
cv_1611,D66,,Polyline,""
cv_1612,D66,,Polyline,""
cv_1613,D66,,Polyline,""
cv_1614,D6C,,Polyline,""
cv_1615,D6F,,Polyline,""
cv_1616,DA6,,Polyline,""
cv_1617,DA7,,Polyline,""
cv_1618,DB9,,Polyline,""
cv_1619,DF3,,Polyline,""
cv_1620,E8F,,Polyline,""
cv_1621,1547,,Polyline,""
cv_1622,15B9,,Polyline,""
cv_1623,15BA,,Polyline,""
cv_1624,1960,,Text,""
cv_1625,D6D,,Polyline,""
cv_1626,FA6,,Polyline,""
cv_1627,11CA,,Polyline,""
cv_1628,126F,,Polyline,""
cv_1629,1270,,Polyline,""
cv_1630,1547,,Polyline,""
cv_1631,D6D,,Polyline,""
cv_1632,DBC,,Polyline,""
cv_1633,DF6,,Polyline,""
cv_1634,DF7,,Polyline,""
cv_1635,DF8,,Polyline,""
cv_1636,DFE,,Polyline,""
cv_1637,DFF,,Polyline,""
cv_1638,FA6,,Polyline,""
cv_1639,FAA,,Polyline,""
cv_1640,FAB,,Polyline,""
cv_1641,11CA,,Polyline,""
cv_1642,126F,,Polyline,""
cv_1643,1270,,Polyline,""
cv_1644,1294,,Polyline,""
cv_1645,152D,,Polyline,""
cv_1646,1962,,Polyline,""
cv_1647,1962,,Polyline,""
cv_1648,D66,,Polyline,""
cv_1649,D66,,Polyline,""
cv_1650,DA4,,Text,""
cv_1651,E98,,Text,""
cv_1652,DB2,,Text,""
cv_1653,11C9,,Text,""
cv_1654,11D9,,Text,""
cv_1655,11DA,,Text,""
cv_1656,120B,,Text,""
cv_1657,126D,,Text,""
cv_1658,12A7,,Text,""
cv_1659,18F6,,Text,""
cv_1660,1960,,Text,""
cv_1661,1971,,Text,""
cv_1665,E3B,,Solid,""
cv_1666,E3B,,Solid,""
cv_1667,E91,,Solid,""
cv_1668,E91,,Solid,""
cv_1669,F28,,Solid,""
cv_1670,F28,,Solid,""
cv_1671,117E,,Solid,""
cv_1672,117E,,Solid,""
cv_1673,13C7,,Solid,""
cv_1674,13C7,,Solid,""
cv_1675,14A4,,Solid,""
cv_1676,14A4,,Solid,""
cv_1677,1514,,Solid,""
cv_1678,1514,,Solid,""
cv_1679,198E,,Solid,""
cv_1680,198E,,Solid,""
cv_1682,D6E,,Polyline,""
cv_1683,D76,,Polyline,""
cv_1684,1561,,Polyline,""
cv_1685,15A9,,Polyline,""
cv_1686,D6E,,Polyline,""
cv_1687,D73,,Polyline,""
cv_1688,D76,,Polyline,""
cv_1689,D9C,,Polyline,""
cv_1690,DEC,,Polyline,""
cv_1691,11B3,,Polyline,""
cv_1692,11B4,,Polyline,""
cv_1693,14B8,,Polyline,""
cv_1694,154A,,Polyline,""
cv_1695,1561,,Polyline,""
cv_1696,15A9,,Polyline,""
cv_1697,195F,,Text,""
cv_1698,19DF,,Text,""
cv_1699,154A,,Polyline,""
cv_1700,177E,,Polyline,""
cv_1701,1961,,Polyline,""
cv_1702,19E0,,Polyline,""
cv_1703,1961,,Polyline,""
cv_1704,19E0,,Polyline,""
cv_1705,15BC,,Text,""
cv_1706,D6A,,Text,""
cv_1707,125B,,Text,""
cv_1708,125C,,Text,""
cv_1709,14E9,,Text,""
cv_1710,14F0,,Text,""
cv_1711,1923,,Text,""
cv_1712,F48,,Text,""
cv_1713,F49,,Text,""
cv_1714,11B2,,Text,""
cv_1715,14E0,,Text,""
cv_1716,1209,,Text,""
cv_1717,1275,,Text,""
cv_1718,12C4,,Text,""
cv_1719,1512,,Text,""
cv_1720,185F,,Text,""
cv_1721,15BC,,Text,""
cv_1722,195F,,Text,""
cv_1723,19DF,,Text,""
cv_1724,1970,,Text,""
cv_1725,19E6,,Text,""
cv_1729,12DE,,Text,""
cv_1730,1573,,Text,""
cv_1731,16AB,,Text,""
cv_1732,17BE,,Text,""
cv_1733,1915,,Text,""
cv_1734,12DE,,Text,""
cv_1735,12DE,,Text,""
cv_1736,12DE,,Text,""
cv_1737,12DE,,Text,""
cv_1738,12DE,,Text,""
cv_1739,12DE,,Text,""
cv_1740,12DE,,Text,""
cv_1741,1573,,Text,""
cv_1742,1573,,Text,""
cv_1743,1573,,Text,""
cv_1744,1573,,Text,""
cv_1745,1578,,Text,""
cv_1746,17BE,,Text,""
cv_1747,17BE,,Text,""
cv_1748,17BE,,Text,""
cv_1749,17BE,,Text,""
cv_1750,17BE,,Text,""
cv_1751,17BE,,Text,""
cv_1752,17BE,,Text,""
cv_1753,17BE,,Text,""
cv_1754,17BE,,Text,""
cv_1755,1915,,Text,""
cv_1756,1915,,Text,""
cv_1757,1291,,Text,""
cv_1758,12E6,,Text,""
cv_1759,15A0,,Text,""
cv_1760,1647,,Text,""
cv_1761,1652,,Text,""
cv_1762,17BC,,Text,""
cv_1763,1801,,Text,""
cv_1764,182F,,Text,""
cv_1765,1850,,Text,""
cv_1766,15A3,,Text,""
cv_1767,15A6,,Text,""
cv_1768,1819,,Text,""
cv_1769,D51,,Text,""
cv_1770,D7B,,Text,""
cv_1771,D97,,Text,""
cv_1772,D98,,Text,""
cv_1773,D9A,,Text,""
cv_1774,DA5,,Text,""
cv_1775,DB6,,Text,""
cv_1776,DB7,,Text,""
cv_1777,DB8,,Text,""
cv_1778,DE3,,Text,""
cv_1779,DE9,,Text,""
cv_1780,DF0,,Text,""
cv_1781,E1D,,Text,""
cv_1782,E22,,Text,""
cv_1783,E50,,Text,""
cv_1784,E97,,Text,""
cv_1785,E9C,,Text,""
cv_1786,F61,,Text,""
cv_1787,F83,,Text,""
cv_1788,FB3,,Text,""
cv_1789,FB4,,Text,""
cv_1790,FB5,,Text,""
cv_1791,FB6,,Text,""
cv_1792,FB7,,Text,""
cv_1793,FB8,,Text,""
cv_1794,FB9,,Text,""
cv_1795,FBA,,Text,""
cv_1796,FBB,,Text,""
cv_1797,FBC,,Text,""
cv_1798,FBD,,Text,""
cv_1799,FBE,,Text,""
cv_1800,FE6,,Text,""
cv_1801,1006,,Text,""
cv_1802,1008,,Text,""
cv_1803,100A,,Text,""
cv_1804,1033,,Text,""
cv_1805,1065,,Text,""
cv_1806,10A8,,Text,""
cv_1807,10A9,,Text,""
cv_1808,10BC,,Text,""
cv_1809,10BD,,Text,""
cv_1810,10E6,,Text,""
cv_1811,10F9,,Text,""
cv_1812,10FA,,Text,""
cv_1813,10FC,,Text,""
cv_1814,10FD,,Text,""
cv_1815,1116,,Text,""
cv_1816,1123,,Text,""
cv_1817,1134,,Text,""
cv_1818,1137,,Text,""
cv_1819,114A,,Text,""
cv_1820,114B,,Text,""
cv_1821,1183,,Text,""
cv_1822,1184,,Text,""
cv_1823,1186,,Text,""
cv_1824,1187,,Text,""
cv_1825,1188,,Text,""
cv_1826,1189,,Text,""
cv_1827,118A,,Text,""
cv_1828,118B,,Text,""
cv_1829,118C,,Text,""
cv_1830,11A2,,Text,""
cv_1831,11A3,,Text,""
cv_1832,11BC,,Text,""
cv_1833,11C1,,Text,""
cv_1834,11C2,,Text,""
cv_1835,11C3,,Text,""
cv_1836,11C4,,Text,""
cv_1837,11C5,,Text,""
cv_1838,11C6,,Text,""
cv_1839,11C7,,Text,""
cv_1840,11C8,,Text,""
cv_1841,11DB,,Text,""
cv_1842,11DC,,Text,""
cv_1843,11EE,,Text,""
cv_1844,11FD,,Text,""
cv_1845,11FE,,Text,""
cv_1846,11FF,,Text,""
cv_1847,1200,,Text,""
cv_1848,1201,,Text,""
cv_1849,1205,,Text,""
cv_1850,1206,,Text,""
cv_1851,1207,,Text,""
cv_1852,1208,,Text,""
cv_1853,120A,,Text,""
cv_1854,120C,,Text,""
cv_1855,1243,,Text,""
cv_1856,1246,,Text,""
cv_1857,1262,,Text,""
cv_1858,1265,,Text,""
cv_1859,1266,,Text,""
cv_1860,1268,,Text,""
cv_1861,1269,,Text,""
cv_1862,126A,,Text,""
cv_1863,1271,,Text,""
cv_1864,1272,,Text,""
cv_1865,1274,,Text,""
cv_1866,1277,,Text,""
cv_1867,1278,,Text,""
cv_1868,127C,,Text,""
cv_1869,127F,,Text,""
cv_1870,1286,,Text,""
cv_1871,1287,,Text,""
cv_1872,1289,,Text,""
cv_1873,128A,,Text,""
cv_1874,128D,,Text,""
cv_1875,1291,,Text,""
cv_1876,1292,,Text,""
cv_1877,1299,,Text,""
cv_1878,12AA,,Text,""
cv_1879,12BE,,Text,""
cv_1880,12CC,,Text,""
cv_1881,12CF,,Text,""
cv_1882,12D1,,Text,""
cv_1883,12D3,,Text,""
cv_1884,12D4,,Text,""
cv_1885,12DE,,Text,""
cv_1886,12E6,,Text,""
cv_1887,12FC,,Text,""
cv_1888,134D,,Text,""
cv_1889,1353,,Text,""
cv_1890,1354,,Text,""
cv_1891,137D,,Text,""
cv_1892,137E,,Text,""
cv_1893,137F,,Text,""
cv_1894,1380,,Text,""
cv_1895,13CC,,Text,""
cv_1896,13CD,,Text,""
cv_1897,13CE,,Text,""
cv_1898,13CF,,Text,""
cv_1899,13D0,,Text,""
cv_1900,13E5,,Text,""
cv_1901,13E7,,Text,""
cv_1902,1420,,Text,""
cv_1903,146D,,Text,""
cv_1904,14A7,,Text,""
cv_1905,14A8,,Text,""
cv_1906,14A9,,Text,""
cv_1907,14AB,,Text,""
cv_1908,14AF,,Text,""
cv_1909,14B0,,Text,""
cv_1910,14B1,,Text,""
cv_1911,14B4,,Text,""
cv_1912,14CD,,Text,""
cv_1913,14E1,,Text,""
cv_1914,14E4,,Text,""
cv_1915,152E,,Text,""
cv_1916,1532,,Text,""
cv_1917,1534,,Text,""
cv_1918,1537,,Text,""
cv_1919,1539,,Text,""
cv_1920,153A,,Text,""
cv_1921,153B,,Text,""
cv_1922,155B,,Text,""
cv_1923,155C,,Text,""
cv_1924,156A,,Text,""
cv_1925,156C,,Text,""
cv_1926,1575,,Text,""
cv_1927,1576,,Text,""
cv_1928,1577,,Text,""
cv_1929,1578,,Text,""
cv_1930,15A0,,Text,""
cv_1931,15A3,,Text,""
cv_1932,15A6,,Text,""
cv_1933,15D5,,Text,""
cv_1934,1647,,Text,""
cv_1935,1652,,Text,""
cv_1936,168C,,Text,""
cv_1937,16A5,,Text,""
cv_1938,16AB,,Text,""
cv_1939,17BC,,Text,""
cv_1940,17BE,,Text,""
cv_1941,1801,,Text,""
cv_1942,1819,,Text,""
cv_1943,182F,,Text,""
cv_1944,1831,,Text,""
cv_1945,1850,,Text,""
cv_1946,1863,,Text,""
cv_1947,1869,,Text,""
cv_1948,189F,,Text,""
cv_1949,18B4,,Text,""
cv_1950,18FB,,Text,""
cv_1951,18FD,,Text,""
cv_1952,18FE,,Text,""
cv_1953,18FF,,Text,""
cv_1954,1908,,Text,""
cv_1955,190D,,Text,""
cv_1956,1913,,Text,""
cv_1957,1914,,Text,""
cv_1958,1915,,Text,""
cv_1959,1916,,Text,""
cv_1960,1917,,Text,""
cv_1961,1918,,Text,""
cv_1962,1920,,Text,""
cv_1963,1944,,Text,""
cv_1964,1947,,Text,""
cv_1965,1956,,Text,""
cv_1966,1973,,Text,""
cv_1967,1974,,Text,""
cv_1968,1975,,Text,""
cv_1969,1981,,Text,""
cv_1970,1984,,Text,""
cv_1971,199F,,Text,""
cv_1972,19D2,,Text,""
cv_1973,19DC,,Text,""
cv_1974,11AC,,Text,""
cv_1975,1273,,Text,""
cv_1976,12C5,,Text,""
cv_1977,13CB,,Text,""
cv_1978,14B2,,Text,""
cv_1979,152A,,Text,""
cv_1980,1570,,Text,""
cv_1981,18F7,,Text,""
cv_1982,18FA,,Text,""
cv_1983,1925,,Text,""
cv_1984,1573,,Text,""
cv_1988,1584,,Line,""
cv_1989,1585,,Line,""
cv_1990,1587,,Line,""
cv_1991,158A,,Line,""
cv_1992,164D,,Line,""
cv_1993,164E,,Line,""
cv_1994,1655,,Line,""
cv_1995,1656,,Line,""
cv_1996,1658,,Line,""
cv_1997,1659,,Line,""
cv_1998,165A,,Line,""
cv_1999,165B,,Line,""
cv_2000,165C,,Line,""
cv_2001,165D,,Line,""
cv_2002,165E,,Line,""
cv_2003,165F,,Line,""
cv_2004,1660,,Line,""
cv_2005,1661,,Line,""
cv_2006,1662,,Line,""
cv_2007,1663,,Line,""
cv_2008,1664,,Line,""
cv_2009,1665,,Line,""
cv_2010,166A,,Line,""
cv_2011,1671,,Line,""
cv_2012,1673,,Line,""
cv_2013,1674,,Line,""
cv_2014,1675,,Line,""
cv_2015,1676,,Line,""
cv_2016,1677,,Line,""
cv_2017,1678,,Line,""
cv_2018,1679,,Line,""
cv_2019,167A,,Line,""
cv_2020,167B,,Line,""
cv_2021,167C,,Line,""
cv_2022,167D,,Line,""
cv_2023,167E,,Line,""
cv_2024,167F,,Line,""
cv_2025,1680,,Line,""
cv_2026,1681,,Line,""
cv_2027,1682,,Line,""
cv_2028,1683,,Line,""
cv_2029,1684,,Line,""
cv_2030,1685,,Line,""
cv_2031,1686,,Line,""
cv_2032,1687,,Line,""
cv_2033,1688,,Line,""
cv_2034,1689,,Line,""
cv_2035,168A,,Line,""
cv_2036,168B,,Line,""
cv_2037,169D,,Line,""
cv_2038,169E,,Line,""
cv_2039,169F,,Line,""
cv_2040,16A0,,Line,""
cv_2041,16A1,,Line,""
cv_2042,16AC,,Line,""
cv_2043,16AD,,Line,""
cv_2044,16B0,,Line,""
cv_2045,16E7,,Line,""
cv_2046,16E8,,Line,""
cv_2047,16E9,,Line,""
cv_2048,16F1,,Line,""
cv_2049,16F3,,Line,""
cv_2050,16F4,,Line,""
cv_2051,16F9,,Line,""
cv_2052,16FA,,Line,""
cv_2053,16FB,,Line,""
cv_2054,16FC,,Line,""
cv_2055,16FD,,Line,""
cv_2056,16FE,,Line,""
cv_2057,16FF,,Line,""
cv_2058,1700,,Line,""
cv_2059,1701,,Line,""
cv_2060,1702,,Line,""
cv_2061,1703,,Line,""
cv_2062,1704,,Line,""
cv_2063,1705,,Line,""
cv_2064,1706,,Line,""
cv_2065,1707,,Line,""
cv_2066,1708,,Line,""
cv_2067,1709,,Line,""
cv_2068,170B,,Line,""
cv_2069,170C,,Line,""
cv_2070,170D,,Line,""
cv_2071,170E,,Line,""
cv_2072,170F,,Line,""
cv_2073,1710,,Line,""
cv_2074,1711,,Line,""
cv_2075,1712,,Line,""
cv_2076,1713,,Line,""
cv_2077,1714,,Line,""
cv_2078,1717,,Line,""
cv_2079,1718,,Line,""
cv_2080,1719,,Line,""
cv_2081,171A,,Line,""
cv_2082,171E,,Line,""
cv_2083,171F,,Line,""
cv_2084,1720,,Line,""
cv_2085,1721,,Line,""
cv_2086,1722,,Line,""
cv_2087,1723,,Line,""
cv_2088,1724,,Line,""
cv_2089,1725,,Line,""
cv_2090,1726,,Line,""
cv_2091,1727,,Line,""
cv_2092,1728,,Line,""
cv_2093,1729,,Line,""
cv_2094,172A,,Line,""
cv_2095,172B,,Line,""
cv_2096,172C,,Line,""
cv_2097,172D,,Line,""
cv_2098,172E,,Line,""
cv_2099,172F,,Line,""
cv_2100,1730,,Line,""
cv_2101,1731,,Line,""
cv_2102,1733,,Line,""
cv_2103,17C2,,Line,""
cv_2104,17C3,,Line,""
cv_2105,17C6,,Line,""
cv_2106,17CA,,Line,""
cv_2107,17CC,,Line,""
cv_2108,17CD,,Line,""
cv_2109,17CF,,Line,""
cv_2110,17D1,,Line,""
cv_2111,17D2,,Line,""
cv_2112,17D3,,Line,""
cv_2113,17D4,,Line,""
cv_2114,17D5,,Line,""
cv_2115,17D6,,Line,""
cv_2116,17D7,,Line,""
cv_2117,17D8,,Line,""
cv_2118,17D9,,Line,""
cv_2119,17DA,,Line,""
cv_2120,17DB,,Line,""
cv_2121,17DC,,Line,""
cv_2122,17DF,,Line,""
cv_2123,17E0,,Line,""
cv_2124,17E1,,Line,""
cv_2125,17E2,,Line,""
cv_2126,17E3,,Line,""
cv_2127,17E4,,Line,""
cv_2128,17E5,,Line,""
cv_2129,17E6,,Line,""
cv_2130,17E7,,Line,""
cv_2131,17E8,,Line,""
cv_2132,17EA,,Line,""
cv_2133,17EB,,Line,""
cv_2134,17EC,,Line,""
cv_2135,17ED,,Line,""
cv_2136,17EE,,Line,""
cv_2137,17EF,,Line,""
cv_2138,17F0,,Line,""
cv_2139,17F1,,Line,""
cv_2140,17F2,,Line,""
cv_2141,17F3,,Line,""
cv_2142,17F4,,Line,""
cv_2143,17F5,,Line,""
cv_2144,17F6,,Line,""
cv_2145,17F7,,Line,""
cv_2146,17FA,,Line,""
cv_2147,17FB,,Line,""
cv_2148,17FC,,Line,""
cv_2149,1803,,Line,""
cv_2150,1804,,Line,""
cv_2151,1805,,Line,""
cv_2152,1806,,Line,""
cv_2153,181A,,Line,""
cv_2154,181B,,Line,""
cv_2155,181C,,Line,""
cv_2156,181D,,Line,""
cv_2157,181E,,Line,""
cv_2158,181F,,Line,""
cv_2159,1820,,Line,""
cv_2160,1821,,Line,""
cv_2161,1822,,Line,""
cv_2162,1823,,Line,""
cv_2163,1824,,Line,""
cv_2164,1825,,Line,""
cv_2165,D4D,,Line,""
cv_2166,D4E,,Line,""
cv_2167,D62,,Line,""
cv_2168,D63,,Line,""
cv_2169,D93,,Line,""
cv_2170,D95,,Line,""
cv_2171,D96,,Line,""
cv_2172,DBA,,Line,""
cv_2173,DBD,,Line,""
cv_2174,DBE,,Line,""
cv_2175,DBF,,Line,""
cv_2176,DC0,,Line,""
cv_2177,DC2,,Line,""
cv_2178,DC3,,Line,""
cv_2179,DC4,,Line,""
cv_2180,DC5,,Line,""
cv_2181,DC6,,Line,""
cv_2182,DC7,,Line,""
cv_2183,DC8,,Line,""
cv_2184,DC9,,Line,""
cv_2185,DCC,,Line,""
cv_2186,DCD,,Line,""
cv_2187,DCE,,Line,""
cv_2188,DCF,,Line,""
cv_2189,DD0,,Line,""
cv_2190,DD1,,Line,""
cv_2191,DD2,,Line,""
cv_2192,DD3,,Line,""
cv_2193,DD4,,Line,""
cv_2194,DD5,,Line,""
cv_2195,DD6,,Line,""
cv_2196,DD7,,Line,""
cv_2197,DD8,,Line,""
cv_2198,DD9,,Line,""
cv_2199,DDA,,Line,""
cv_2200,DDB,,Line,""
cv_2201,DDC,,Line,""
cv_2202,DDD,,Line,""
cv_2203,DDE,,Line,""
cv_2204,DDF,,Line,""
cv_2205,DE0,,Line,""
cv_2206,DE1,,Line,""
cv_2207,DE2,,Line,""
cv_2208,DE7,,Line,""
cv_2209,DFD,,Line,""
cv_2210,E00,,Line,""
cv_2211,E01,,Line,""
cv_2212,E02,,Line,""
cv_2213,E03,,Line,""
cv_2214,E04,,Line,""
cv_2215,E05,,Line,""
cv_2216,E06,,Line,""
cv_2217,E07,,Line,""
cv_2218,E08,,Line,""
cv_2219,E09,,Line,""
cv_2220,E0A,,Line,""
cv_2221,E0B,,Line,""
cv_2222,E0C,,Line,""
cv_2223,E0D,,Line,""
cv_2224,E0E,,Line,""
cv_2225,E0F,,Line,""
cv_2226,E10,,Line,""
cv_2227,E11,,Line,""
cv_2228,E12,,Line,""
cv_2229,E13,,Line,""
cv_2230,E14,,Line,""
cv_2231,E15,,Line,""
cv_2232,E16,,Line,""
cv_2233,E17,,Line,""
cv_2234,E18,,Line,""
cv_2235,E19,,Line,""
cv_2236,E1A,,Line,""
cv_2237,E1B,,Line,""
cv_2238,E1E,,Line,""
cv_2239,E1F,,Line,""
cv_2240,E21,,Line,""
cv_2241,E27,,Line,""
cv_2242,E29,,Line,""
cv_2243,E2A,,Line,""
cv_2244,E2B,,Line,""
cv_2245,E2C,,Line,""
cv_2246,E2D,,Line,""
cv_2247,E2E,,Line,""
cv_2248,E2F,,Line,""
cv_2249,E30,,Line,""
cv_2250,E31,,Line,""
cv_2251,E32,,Line,""
cv_2252,E33,,Line,""
cv_2253,E34,,Line,""
cv_2254,E35,,Line,""
cv_2255,E36,,Line,""
cv_2256,E37,,Line,""
cv_2257,E38,,Line,""
cv_2258,E39,,Line,""
cv_2259,E3F,,Line,""
cv_2260,E40,,Line,""
cv_2261,E41,,Line,""
cv_2262,E42,,Line,""
cv_2263,E46,,Line,""
cv_2264,E48,,Line,""
cv_2265,E4A,,Line,""
cv_2266,E4B,,Line,""
cv_2267,E4C,,Line,""
cv_2268,E4D,,Line,""
cv_2269,E52,,Line,""
cv_2270,E53,,Line,""
cv_2271,E54,,Line,""
cv_2272,E55,,Line,""
cv_2273,E56,,Line,""
cv_2274,E57,,Line,""
cv_2275,E58,,Line,""
cv_2276,E59,,Line,""
cv_2277,E5A,,Line,""
cv_2278,E5B,,Line,""
cv_2279,E5C,,Line,""
cv_2280,E5D,,Line,""
cv_2281,E5E,,Line,""
cv_2282,E60,,Line,""
cv_2283,E61,,Line,""
cv_2284,E62,,Line,""
cv_2285,E65,,Line,""
cv_2286,E66,,Line,""
cv_2287,E67,,Line,""
cv_2288,E68,,Line,""
cv_2289,E69,,Line,""
cv_2290,E6A,,Line,""
cv_2291,E6B,,Line,""
cv_2292,E6C,,Line,""
cv_2293,E6D,,Line,""
cv_2294,E6E,,Line,""
cv_2295,E6F,,Line,""
cv_2296,E70,,Line,""
cv_2297,E71,,Line,""
cv_2298,E72,,Line,""
cv_2299,E74,,Line,""
cv_2300,E75,,Line,""
cv_2301,E76,,Line,""
cv_2302,E77,,Line,""
cv_2303,E78,,Line,""
cv_2304,E79,,Line,""
cv_2305,E7A,,Line,""
cv_2306,E7B,,Line,""
cv_2307,E7C,,Line,""
cv_2308,E7D,,Line,""
cv_2309,E7E,,Line,""
cv_2310,E85,,Line,""
cv_2311,E86,,Line,""
cv_2312,E87,,Line,""
cv_2313,E88,,Line,""
cv_2314,E8D,,Line,""
cv_2315,E93,,Line,""
cv_2316,E94,,Line,""
cv_2317,E95,,Line,""
cv_2318,E96,,Line,""
cv_2319,E9A,,Line,""
cv_2320,E9D,,Line,""
cv_2321,E9E,,Line,""
cv_2322,E9F,,Line,""
cv_2323,EA0,,Line,""
cv_2324,EA1,,Line,""
cv_2325,EA2,,Line,""
cv_2326,EA3,,Line,""
cv_2327,EA4,,Line,""
cv_2328,EA5,,Line,""
cv_2329,EA6,,Line,""
cv_2330,EA7,,Line,""
cv_2331,EA8,,Line,""
cv_2332,EAA,,Line,""
cv_2333,EAB,,Line,""
cv_2334,EAC,,Line,""
cv_2335,EAE,,Line,""
cv_2336,EAF,,Line,""
cv_2337,EB0,,Line,""
cv_2338,EB1,,Line,""
cv_2339,EB2,,Line,""
cv_2340,EB3,,Line,""
cv_2341,EB4,,Line,""
cv_2342,EB5,,Line,""
cv_2343,EB6,,Line,""
cv_2344,EB7,,Line,""
cv_2345,EB8,,Line,""
cv_2346,EB9,,Line,""
cv_2347,EBA,,Line,""
cv_2348,EBB,,Line,""
cv_2349,EBC,,Line,""
cv_2350,EBD,,Line,""
cv_2351,EBE,,Line,""
cv_2352,EBF,,Line,""
cv_2353,EC0,,Line,""
cv_2354,EC1,,Line,""
cv_2355,EC3,,Line,""
cv_2356,EC4,,Line,""
cv_2357,EC5,,Line,""
cv_2358,EC6,,Line,""
cv_2359,EC7,,Line,""
cv_2360,EC8,,Line,""
cv_2361,EC9,,Line,""
cv_2362,ECA,,Line,""
cv_2363,ECB,,Line,""
cv_2364,ECD,,Line,""
cv_2365,ECE,,Line,""
cv_2366,ECF,,Line,""
cv_2367,ED0,,Line,""
cv_2368,ED1,,Line,""
cv_2369,ED2,,Line,""
cv_2370,ED3,,Line,""
cv_2371,ED5,,Line,""
cv_2372,ED6,,Line,""
cv_2373,ED7,,Line,""
cv_2374,ED8,,Line,""
cv_2375,ED9,,Line,""
cv_2376,EDA,,Line,""
cv_2377,EDB,,Line,""
cv_2378,EDC,,Line,""
cv_2379,EDF,,Line,""
cv_2380,EE0,,Line,""
cv_2381,EE1,,Line,""
cv_2382,EE2,,Line,""
cv_2383,EE3,,Line,""
cv_2384,EE4,,Line,""
cv_2385,EE5,,Line,""
cv_2386,EE6,,Line,""
cv_2387,EE7,,Line,""
cv_2388,EE8,,Line,""
cv_2389,EE9,,Line,""
cv_2390,EEA,,Line,""
cv_2391,EEB,,Line,""
cv_2392,EED,,Line,""
cv_2393,EEE,,Line,""
cv_2394,EEF,,Line,""
cv_2395,EF0,,Line,""
cv_2396,EF1,,Line,""
cv_2397,EF2,,Line,""
cv_2398,EF3,,Line,""
cv_2399,EF4,,Line,""
cv_2400,EF5,,Line,""
cv_2401,EF6,,Line,""
cv_2402,EF7,,Line,""
cv_2403,EF8,,Line,""
cv_2404,EF9,,Line,""
cv_2405,EFA,,Line,""
cv_2406,EFB,,Line,""
cv_2407,EFC,,Line,""
cv_2408,EFD,,Line,""
cv_2409,EFE,,Line,""
cv_2410,EFF,,Line,""
cv_2411,F00,,Line,""
cv_2412,F01,,Line,""
cv_2413,F02,,Line,""
cv_2414,F03,,Line,""
cv_2415,F04,,Line,""
cv_2416,F05,,Line,""
cv_2417,F06,,Line,""
cv_2418,F07,,Line,""
cv_2419,F08,,Line,""
cv_2420,F09,,Line,""
cv_2421,F0A,,Line,""
cv_2422,F0D,,Line,""
cv_2423,F0E,,Line,""
cv_2424,F0F,,Line,""
cv_2425,F11,,Line,""
cv_2426,F12,,Line,""
cv_2427,F13,,Line,""
cv_2428,F14,,Line,""
cv_2429,F15,,Line,""
cv_2430,F16,,Line,""
cv_2431,F17,,Line,""
cv_2432,F18,,Line,""
cv_2433,F19,,Line,""
cv_2434,F1B,,Line,""
cv_2435,F1C,,Line,""
cv_2436,F22,,Line,""
cv_2437,F23,,Line,""
cv_2438,F24,,Line,""
cv_2439,F25,,Line,""
cv_2440,F26,,Line,""
cv_2441,F29,,Line,""
cv_2442,F2B,,Line,""
cv_2443,F2C,,Line,""
cv_2444,F2D,,Line,""
cv_2445,F2E,,Line,""
cv_2446,F30,,Line,""
cv_2447,F31,,Line,""
cv_2448,F32,,Line,""
cv_2449,F33,,Line,""
cv_2450,F34,,Line,""
cv_2451,F35,,Line,""
cv_2452,F36,,Line,""
cv_2453,F37,,Line,""
cv_2454,F38,,Line,""
cv_2455,F39,,Line,""
cv_2456,F3A,,Line,""
cv_2457,F3B,,Line,""
cv_2458,F3C,,Line,""
cv_2459,F3D,,Line,""
cv_2460,F3E,,Line,""
cv_2461,F3F,,Line,""
cv_2462,F40,,Line,""
cv_2463,F41,,Line,""
cv_2464,F44,,Line,""
cv_2465,F46,,Line,""
cv_2466,F47,,Line,""
cv_2467,F4A,,Line,""
cv_2468,F4E,,Line,""
cv_2469,F4F,,Line,""
cv_2470,F50,,Line,""
cv_2471,F51,,Line,""
cv_2472,F52,,Line,""
cv_2473,F53,,Line,""
cv_2474,F57,,Line,""
cv_2475,F58,,Line,""
cv_2476,F59,,Line,""
cv_2477,F5A,,Line,""
cv_2478,F5D,,Line,""
cv_2479,F5E,,Line,""
cv_2480,F5F,,Line,""
cv_2481,F66,,Line,""
cv_2482,F67,,Line,""
cv_2483,F68,,Line,""
cv_2484,F69,,Line,""
cv_2485,F6A,,Line,""
cv_2486,F6B,,Line,""
cv_2487,F6C,,Line,""
cv_2488,F6D,,Line,""
cv_2489,F6E,,Line,""
cv_2490,F6F,,Line,""
cv_2491,F70,,Line,""
cv_2492,F71,,Line,""
cv_2493,F72,,Line,""
cv_2494,F73,,Line,""
cv_2495,F74,,Line,""
cv_2496,F75,,Line,""
cv_2497,F76,,Line,""
cv_2498,F77,,Line,""
cv_2499,F78,,Line,""
cv_2500,F79,,Line,""
cv_2501,F7A,,Line,""
cv_2502,F7B,,Line,""
cv_2503,F7C,,Line,""
cv_2504,F7D,,Line,""
cv_2505,F7E,,Line,""
cv_2506,F7F,,Line,""
cv_2507,F80,,Line,""
cv_2508,F81,,Line,""
cv_2509,F84,,Line,""
cv_2510,F85,,Line,""
cv_2511,F86,,Line,""
cv_2512,F87,,Line,""
cv_2513,F88,,Line,""
cv_2514,F89,,Line,""
cv_2515,F8A,,Line,""
cv_2516,F8B,,Line,""
cv_2517,F8C,,Line,""
cv_2518,F8D,,Line,""
cv_2519,F8E,,Line,""
cv_2520,F8F,,Line,""
cv_2521,F90,,Line,""
cv_2522,F91,,Line,""
cv_2523,F92,,Line,""
cv_2524,F93,,Line,""
cv_2525,F94,,Line,""
cv_2526,F95,,Line,""
cv_2527,F96,,Line,""
cv_2528,F97,,Line,""
cv_2529,F98,,Line,""
cv_2530,F99,,Line,""
cv_2531,F9A,,Line,""
cv_2532,FA1,,Line,""
cv_2533,FA3,,Line,""
cv_2534,FA4,,Line,""
cv_2535,FDD,,Line,""
cv_2536,FE1,,Line,""
cv_2537,FE2,,Line,""
cv_2538,FEB,,Line,""
cv_2539,FEC,,Line,""
cv_2540,FED,,Line,""
cv_2541,FEE,,Line,""
cv_2542,FEF,,Line,""
cv_2543,FF0,,Line,""
cv_2544,FF1,,Line,""
cv_2545,FF2,,Line,""
cv_2546,FF3,,Line,""
cv_2547,FF4,,Line,""
cv_2548,FF5,,Line,""
cv_2549,FF6,,Line,""
cv_2550,FF7,,Line,""
cv_2551,FF8,,Line,""
cv_2552,FFA,,Line,""
cv_2553,FFB,,Line,""
cv_2554,FFC,,Line,""
cv_2555,FFD,,Line,""
cv_2556,FFE,,Line,""
cv_2557,FFF,,Line,""
cv_2558,1000,,Line,""
cv_2559,1001,,Line,""
cv_2560,1002,,Line,""
cv_2561,1003,,Line,""
cv_2562,1004,,Line,""
cv_2563,1005,,Line,""
cv_2564,1017,,Line,""
cv_2565,1018,,Line,""
cv_2566,101A,,Line,""
cv_2567,101B,,Line,""
cv_2568,101C,,Line,""
cv_2569,101D,,Line,""
cv_2570,101E,,Line,""
cv_2571,101F,,Line,""
cv_2572,1020,,Line,""
cv_2573,1021,,Line,""
cv_2574,1022,,Line,""
cv_2575,1023,,Line,""
cv_2576,1024,,Line,""
cv_2577,1025,,Line,""
cv_2578,1026,,Line,""
cv_2579,1028,,Line,""
cv_2580,1029,,Line,""
cv_2581,102A,,Line,""
cv_2582,102B,,Line,""
cv_2583,102D,,Line,""
cv_2584,102E,,Line,""
cv_2585,102F,,Line,""
cv_2586,1030,,Line,""
cv_2587,1031,,Line,""
cv_2588,1035,,Line,""
cv_2589,1036,,Line,""
cv_2590,1037,,Line,""
cv_2591,1038,,Line,""
cv_2592,1039,,Line,""
cv_2593,103A,,Line,""
cv_2594,103B,,Line,""
cv_2595,103C,,Line,""
cv_2596,103E,,Line,""
cv_2597,103F,,Line,""
cv_2598,1040,,Line,""
cv_2599,1041,,Line,""
cv_2600,1042,,Line,""
cv_2601,1043,,Line,""
cv_2602,1044,,Line,""
cv_2603,1045,,Line,""
cv_2604,1046,,Line,""
cv_2605,1047,,Line,""
cv_2606,1048,,Line,""
cv_2607,1049,,Line,""
cv_2608,104A,,Line,""
cv_2609,104B,,Line,""
cv_2610,104C,,Line,""
cv_2611,104D,,Line,""
cv_2612,104E,,Line,""
cv_2613,104F,,Line,""
cv_2614,1050,,Line,""
cv_2615,1051,,Line,""
cv_2616,1052,,Line,""
cv_2617,1053,,Line,""
cv_2618,1054,,Line,""
cv_2619,1055,,Line,""
cv_2620,1056,,Line,""
cv_2621,1057,,Line,""
cv_2622,1058,,Line,""
cv_2623,1059,,Line,""
cv_2624,105A,,Line,""
cv_2625,105B,,Line,""
cv_2626,105C,,Line,""
cv_2627,105D,,Line,""
cv_2628,105E,,Line,""
cv_2629,105F,,Line,""
cv_2630,1060,,Line,""
cv_2631,1063,,Line,""
cv_2632,1066,,Line,""
cv_2633,1067,,Line,""
cv_2634,1068,,Line,""
cv_2635,1069,,Line,""
cv_2636,106A,,Line,""
cv_2637,106B,,Line,""
cv_2638,106C,,Line,""
cv_2639,106D,,Line,""
cv_2640,106E,,Line,""
cv_2641,106F,,Line,""
cv_2642,1070,,Line,""
cv_2643,1071,,Line,""
cv_2644,1072,,Line,""
cv_2645,1073,,Line,""
cv_2646,1074,,Line,""
cv_2647,1075,,Line,""
cv_2648,1077,,Line,""
cv_2649,1079,,Line,""
cv_2650,107A,,Line,""
cv_2651,107D,,Line,""
cv_2652,1082,,Line,""
cv_2653,1084,,Line,""
cv_2654,108A,,Line,""
cv_2655,108B,,Line,""
cv_2656,108C,,Line,""
cv_2657,108D,,Line,""
cv_2658,108E,,Line,""
cv_2659,108F,,Line,""
cv_2660,1090,,Line,""
cv_2661,1091,,Line,""
cv_2662,1092,,Line,""
cv_2663,1093,,Line,""
cv_2664,1094,,Line,""
cv_2665,1095,,Line,""
cv_2666,1096,,Line,""
cv_2667,1097,,Line,""
cv_2668,1098,,Line,""
cv_2669,1099,,Line,""
cv_2670,109A,,Line,""
cv_2671,109C,,Line,""
cv_2672,109D,,Line,""
cv_2673,10A1,,Line,""
cv_2674,10A2,,Line,""
cv_2675,10AA,,Line,""
cv_2676,10B0,,Line,""
cv_2677,10B1,,Line,""
cv_2678,10B2,,Line,""
cv_2679,10B3,,Line,""
cv_2680,10B4,,Line,""
cv_2681,10B5,,Line,""
cv_2682,10B6,,Line,""
cv_2683,10B7,,Line,""
cv_2684,10B8,,Line,""
cv_2685,10B9,,Line,""
cv_2686,10BA,,Line,""
cv_2687,10C9,,Line,""
cv_2688,10CA,,Line,""
cv_2689,10CB,,Line,""
cv_2690,10CC,,Line,""
cv_2691,10CD,,Line,""
cv_2692,10CE,,Line,""
cv_2693,10CF,,Line,""
cv_2694,10D0,,Line,""
cv_2695,10D1,,Line,""
cv_2696,10D2,,Line,""
cv_2697,10D3,,Line,""
cv_2698,10D4,,Line,""
cv_2699,10D5,,Line,""
cv_2700,10D6,,Line,""
cv_2701,10D7,,Line,""
cv_2702,10D8,,Line,""
cv_2703,10D9,,Line,""
cv_2704,10DA,,Line,""
cv_2705,10DB,,Line,""
cv_2706,10DC,,Line,""
cv_2707,10DD,,Line,""
cv_2708,10DE,,Line,""
cv_2709,10DF,,Line,""
cv_2710,10E0,,Line,""
cv_2711,10E1,,Line,""
cv_2712,10E2,,Line,""
cv_2713,10E3,,Line,""
cv_2714,10E4,,Line,""
cv_2715,10E5,,Line,""
cv_2716,10EC,,Line,""
cv_2717,10ED,,Line,""
cv_2718,10EE,,Line,""
cv_2719,10F4,,Line,""
cv_2720,10F5,,Line,""
cv_2721,10F7,,Line,""
cv_2722,10F8,,Line,""
cv_2723,10FE,,Line,""
cv_2724,1100,,Line,""
cv_2725,1101,,Line,""
cv_2726,1102,,Line,""
cv_2727,1103,,Line,""
cv_2728,1104,,Line,""
cv_2729,1105,,Line,""
cv_2730,1106,,Line,""
cv_2731,1107,,Line,""
cv_2732,1108,,Line,""
cv_2733,1109,,Line,""
cv_2734,110A,,Line,""
cv_2735,110B,,Line,""
cv_2736,110C,,Line,""
cv_2737,110D,,Line,""
cv_2738,110E,,Line,""
cv_2739,110F,,Line,""
cv_2740,1110,,Line,""
cv_2741,1111,,Line,""
cv_2742,1112,,Line,""
cv_2743,1113,,Line,""
cv_2744,1114,,Line,""
cv_2745,1115,,Line,""
cv_2746,1117,,Line,""
cv_2747,1118,,Line,""
cv_2748,1119,,Line,""
cv_2749,111A,,Line,""
cv_2750,111B,,Line,""
cv_2751,111C,,Line,""
cv_2752,111D,,Line,""
cv_2753,111E,,Line,""
cv_2754,111F,,Line,""
cv_2755,1120,,Line,""
cv_2756,1121,,Line,""
cv_2757,1122,,Line,""
cv_2758,1124,,Line,""
cv_2759,1125,,Line,""
cv_2760,1126,,Line,""
cv_2761,1127,,Line,""
cv_2762,1128,,Line,""
cv_2763,1129,,Line,""
cv_2764,112A,,Line,""
cv_2765,112B,,Line,""
cv_2766,112C,,Line,""
cv_2767,112D,,Line,""
cv_2768,112E,,Line,""
cv_2769,112F,,Line,""
cv_2770,1130,,Line,""
cv_2771,1131,,Line,""
cv_2772,1136,,Line,""
cv_2773,1138,,Line,""
cv_2774,1139,,Line,""
cv_2775,113A,,Line,""
cv_2776,113B,,Line,""
cv_2777,113D,,Line,""
cv_2778,113E,,Line,""
cv_2779,113F,,Line,""
cv_2780,1142,,Line,""
cv_2781,1143,,Line,""
cv_2782,1144,,Line,""
cv_2783,1145,,Line,""
cv_2784,1146,,Line,""
cv_2785,1147,,Line,""
cv_2786,1148,,Line,""
cv_2787,1149,,Line,""
cv_2788,114D,,Line,""
cv_2789,114E,,Line,""
cv_2790,114F,,Line,""
cv_2791,1150,,Line,""
cv_2792,1151,,Line,""
cv_2793,1152,,Line,""
cv_2794,1153,,Line,""
cv_2795,1154,,Line,""
cv_2796,1155,,Line,""
cv_2797,1156,,Line,""
cv_2798,1157,,Line,""
cv_2799,1158,,Line,""
cv_2800,1159,,Line,""
cv_2801,115A,,Line,""
cv_2802,115B,,Line,""
cv_2803,115C,,Line,""
cv_2804,115D,,Line,""
cv_2805,115E,,Line,""
cv_2806,115F,,Line,""
cv_2807,1160,,Line,""
cv_2808,1161,,Line,""
cv_2809,1162,,Line,""
cv_2810,1163,,Line,""
cv_2811,1164,,Line,""
cv_2812,1165,,Line,""
cv_2813,1166,,Line,""
cv_2814,1167,,Line,""
cv_2815,1168,,Line,""
cv_2816,1169,,Line,""
cv_2817,116A,,Line,""
cv_2818,116B,,Line,""
cv_2819,116E,,Line,""
cv_2820,116F,,Line,""
cv_2821,1170,,Line,""
cv_2822,1171,,Line,""
cv_2823,1172,,Line,""
cv_2824,1174,,Line,""
cv_2825,1175,,Line,""
cv_2826,1176,,Line,""
cv_2827,118D,,Line,""
cv_2828,118E,,Line,""
cv_2829,118F,,Line,""
cv_2830,1190,,Line,""
cv_2831,1191,,Line,""
cv_2832,1192,,Line,""
cv_2833,1193,,Line,""
cv_2834,1194,,Line,""
cv_2835,1195,,Line,""
cv_2836,1196,,Line,""
cv_2837,1197,,Line,""
cv_2838,1198,,Line,""
cv_2839,1199,,Line,""
cv_2840,119A,,Line,""
cv_2841,119B,,Line,""
cv_2842,119C,,Line,""
cv_2843,119D,,Line,""
cv_2844,119E,,Line,""
cv_2845,119F,,Line,""
cv_2846,11A0,,Line,""
cv_2847,11A4,,Line,""
cv_2848,11A6,,Line,""
cv_2849,11A7,,Line,""
cv_2850,11BF,,Line,""
cv_2851,11C0,,Line,""
cv_2852,11DD,,Line,""
cv_2853,11DF,,Line,""
cv_2854,11E0,,Line,""
cv_2855,11E1,,Line,""
cv_2856,11E2,,Line,""
cv_2857,11E3,,Line,""
cv_2858,11E4,,Line,""
cv_2859,11E5,,Line,""
cv_2860,11E6,,Line,""
cv_2861,11E7,,Line,""
cv_2862,11E8,,Line,""
cv_2863,11E9,,Line,""
cv_2864,11EA,,Line,""
cv_2865,11EB,,Line,""
cv_2866,11EC,,Line,""
cv_2867,11ED,,Line,""
cv_2868,11F0,,Line,""
cv_2869,11F1,,Line,""
cv_2870,11F2,,Line,""
cv_2871,11F3,,Line,""
cv_2872,11F4,,Line,""
cv_2873,11F5,,Line,""
cv_2874,11F6,,Line,""
cv_2875,11F7,,Line,""
cv_2876,11F8,,Line,""
cv_2877,11F9,,Line,""
cv_2878,11FA,,Line,""
cv_2879,11FB,,Line,""
cv_2880,11FC,,Line,""
cv_2881,120D,,Line,""
cv_2882,120E,,Line,""
cv_2883,120F,,Line,""
cv_2884,1210,,Line,""
cv_2885,1211,,Line,""
cv_2886,1212,,Line,""
cv_2887,1213,,Line,""
cv_2888,1214,,Line,""
cv_2889,1215,,Line,""
cv_2890,1216,,Line,""
cv_2891,1217,,Line,""
cv_2892,1218,,Line,""
cv_2893,1219,,Line,""
cv_2894,121A,,Line,""
cv_2895,121B,,Line,""
cv_2896,121C,,Line,""
cv_2897,121E,,Line,""
cv_2898,121F,,Line,""
cv_2899,1220,,Line,""
cv_2900,1221,,Line,""
cv_2901,1222,,Line,""
cv_2902,1223,,Line,""
cv_2903,1224,,Line,""
cv_2904,1225,,Line,""
cv_2905,1226,,Line,""
cv_2906,1227,,Line,""
cv_2907,1228,,Line,""
cv_2908,1229,,Line,""
cv_2909,122A,,Line,""
cv_2910,122B,,Line,""
cv_2911,122C,,Line,""
cv_2912,122D,,Line,""
cv_2913,122E,,Line,""
cv_2914,122F,,Line,""
cv_2915,1230,,Line,""
cv_2916,1231,,Line,""
cv_2917,1232,,Line,""
cv_2918,1233,,Line,""
cv_2919,1234,,Line,""
cv_2920,1235,,Line,""
cv_2921,1236,,Line,""
cv_2922,1237,,Line,""
cv_2923,1238,,Line,""
cv_2924,1239,,Line,""
cv_2925,123A,,Line,""
cv_2926,123B,,Line,""
cv_2927,123C,,Line,""
cv_2928,123D,,Line,""
cv_2929,123E,,Line,""
cv_2930,123F,,Line,""
cv_2931,1240,,Line,""
cv_2932,1244,,Line,""
cv_2933,1245,,Line,""
cv_2934,1247,,Line,""
cv_2935,1248,,Line,""
cv_2936,1249,,Line,""
cv_2937,124A,,Line,""
cv_2938,124B,,Line,""
cv_2939,124C,,Line,""
cv_2940,124D,,Line,""
cv_2941,124E,,Line,""
cv_2942,124F,,Line,""
cv_2943,1250,,Line,""
cv_2944,1251,,Line,""
cv_2945,1252,,Line,""
cv_2946,1253,,Line,""
cv_2947,1254,,Line,""
cv_2948,129A,,Line,""
cv_2949,12C7,,Line,""
cv_2950,12C8,,Line,""
cv_2951,12C9,,Line,""
cv_2952,12CA,,Line,""
cv_2953,12CB,,Line,""
cv_2954,12FD,,Line,""
cv_2955,130E,,Line,""
cv_2956,1317,,Line,""
cv_2957,1318,,Line,""
cv_2958,1319,,Line,""
cv_2959,131A,,Line,""
cv_2960,131B,,Line,""
cv_2961,131C,,Line,""
cv_2962,131D,,Line,""
cv_2963,131E,,Line,""
cv_2964,131F,,Line,""
cv_2965,1320,,Line,""
cv_2966,1321,,Line,""
cv_2967,1322,,Line,""
cv_2968,1323,,Line,""
cv_2969,1324,,Line,""
cv_2970,1325,,Line,""
cv_2971,1326,,Line,""
cv_2972,1327,,Line,""
cv_2973,1328,,Line,""
cv_2974,1329,,Line,""
cv_2975,132A,,Line,""
cv_2976,132B,,Line,""
cv_2977,1330,,Line,""
cv_2978,1331,,Line,""
cv_2979,1337,,Line,""
cv_2980,1338,,Line,""
cv_2981,1339,,Line,""
cv_2982,133A,,Line,""
cv_2983,133B,,Line,""
cv_2984,133C,,Line,""
cv_2985,133D,,Line,""
cv_2986,133E,,Line,""
cv_2987,133F,,Line,""
cv_2988,1340,,Line,""
cv_2989,1341,,Line,""
cv_2990,1342,,Line,""
cv_2991,1343,,Line,""
cv_2992,1344,,Line,""
cv_2993,1345,,Line,""
cv_2994,1346,,Line,""
cv_2995,1347,,Line,""
cv_2996,1348,,Line,""
cv_2997,1349,,Line,""
cv_2998,134A,,Line,""
cv_2999,134C,,Line,""
cv_3000,134E,,Line,""
cv_3001,134F,,Line,""
cv_3002,1350,,Line,""
cv_3003,1351,,Line,""
cv_3004,1352,,Line,""
cv_3005,1355,,Line,""
cv_3006,1356,,Line,""
cv_3007,1357,,Line,""
cv_3008,1358,,Line,""
cv_3009,1359,,Line,""
cv_3010,135A,,Line,""
cv_3011,135B,,Line,""
cv_3012,135C,,Line,""
cv_3013,135D,,Line,""
cv_3014,135E,,Line,""
cv_3015,135F,,Line,""
cv_3016,1360,,Line,""
cv_3017,1361,,Line,""
cv_3018,1362,,Line,""
cv_3019,1363,,Line,""
cv_3020,1364,,Line,""
cv_3021,1365,,Line,""
cv_3022,1366,,Line,""
cv_3023,1367,,Line,""
cv_3024,1368,,Line,""
cv_3025,1369,,Line,""
cv_3026,136A,,Line,""
cv_3027,136B,,Line,""
cv_3028,136C,,Line,""
cv_3029,136D,,Line,""
cv_3030,136E,,Line,""
cv_3031,136F,,Line,""
cv_3032,1370,,Line,""
cv_3033,1371,,Line,""
cv_3034,1372,,Line,""
cv_3035,1373,,Line,""
cv_3036,1374,,Line,""
cv_3037,1375,,Line,""
cv_3038,1376,,Line,""
cv_3039,1377,,Line,""
cv_3040,1378,,Line,""
cv_3041,1379,,Line,""
cv_3042,137A,,Line,""
cv_3043,137B,,Line,""
cv_3044,137C,,Line,""
cv_3045,1381,,Line,""
cv_3046,1382,,Line,""
cv_3047,1384,,Line,""
cv_3048,1385,,Line,""
cv_3049,1386,,Line,""
cv_3050,1387,,Line,""
cv_3051,1388,,Line,""
cv_3052,1389,,Line,""
cv_3053,138A,,Line,""
cv_3054,138B,,Line,""
cv_3055,138C,,Line,""
cv_3056,138D,,Line,""
cv_3057,138E,,Line,""
cv_3058,138F,,Line,""
cv_3059,1390,,Line,""
cv_3060,1391,,Line,""
cv_3061,1392,,Line,""
cv_3062,1393,,Line,""
cv_3063,1394,,Line,""
cv_3064,1395,,Line,""
cv_3065,1396,,Line,""
cv_3066,1397,,Line,""
cv_3067,1398,,Line,""
cv_3068,1399,,Line,""
cv_3069,139A,,Line,""
cv_3070,139B,,Line,""
cv_3071,139C,,Line,""
cv_3072,139D,,Line,""
cv_3073,139E,,Line,""
cv_3074,139F,,Line,""
cv_3075,13A0,,Line,""
cv_3076,13A1,,Line,""
cv_3077,13A2,,Line,""
cv_3078,13A3,,Line,""
cv_3079,13A4,,Line,""
cv_3080,13A5,,Line,""
cv_3081,13A6,,Line,""
cv_3082,13A7,,Line,""
cv_3083,13A8,,Line,""
cv_3084,13A9,,Line,""
cv_3085,13AA,,Line,""
cv_3086,13AB,,Line,""
cv_3087,13AC,,Line,""
cv_3088,13AD,,Line,""
cv_3089,13AE,,Line,""
cv_3090,13AF,,Line,""
cv_3091,13B0,,Line,""
cv_3092,13B1,,Line,""
cv_3093,13B2,,Line,""
cv_3094,13B3,,Line,""
cv_3095,13B4,,Line,""
cv_3096,13B5,,Line,""
cv_3097,13B6,,Line,""
cv_3098,13B7,,Line,""
cv_3099,13B8,,Line,""
cv_3100,13B9,,Line,""
cv_3101,13BA,,Line,""
cv_3102,13BB,,Line,""
cv_3103,13BC,,Line,""
cv_3104,13BD,,Line,""
cv_3105,13BE,,Line,""
cv_3106,13C4,,Line,""
cv_3107,13C5,,Line,""
cv_3108,13C8,,Line,""
cv_3109,13C9,,Line,""
cv_3110,13D1,,Line,""
cv_3111,13D2,,Line,""
cv_3112,13D3,,Line,""
cv_3113,13D4,,Line,""
cv_3114,13D5,,Line,""
cv_3115,13D6,,Line,""
cv_3116,13D7,,Line,""
cv_3117,13D8,,Line,""
cv_3118,13D9,,Line,""
cv_3119,13DA,,Line,""
cv_3120,13DB,,Line,""
cv_3121,13DC,,Line,""
cv_3122,13DD,,Line,""
cv_3123,13DE,,Line,""
cv_3124,13DF,,Line,""
cv_3125,13E0,,Line,""
cv_3126,13E1,,Line,""
cv_3127,13E3,,Line,""
cv_3128,13E4,,Line,""
cv_3129,13E8,,Line,""
cv_3130,13E9,,Line,""
cv_3131,13EA,,Line,""
cv_3132,13EB,,Line,""
cv_3133,13EC,,Line,""
cv_3134,13ED,,Line,""
cv_3135,13EE,,Line,""
cv_3136,13EF,,Line,""
cv_3137,13F0,,Line,""
cv_3138,13F1,,Line,""
cv_3139,13F2,,Line,""
cv_3140,13F3,,Line,""
cv_3141,13F4,,Line,""
cv_3142,13F5,,Line,""
cv_3143,13F6,,Line,""
cv_3144,13F7,,Line,""
cv_3145,13F8,,Line,""
cv_3146,13F9,,Line,""
cv_3147,13FA,,Line,""
cv_3148,13FB,,Line,""
cv_3149,13FC,,Line,""
cv_3150,13FD,,Line,""
cv_3151,13FE,,Line,""
cv_3152,13FF,,Line,""
cv_3153,1400,,Line,""
cv_3154,1401,,Line,""
cv_3155,1402,,Line,""
cv_3156,1403,,Line,""
cv_3157,1404,,Line,""
cv_3158,1405,,Line,""
cv_3159,1406,,Line,""
cv_3160,1407,,Line,""
cv_3161,1408,,Line,""
cv_3162,1409,,Line,""
cv_3163,140A,,Line,""
cv_3164,140B,,Line,""
cv_3165,140C,,Line,""
cv_3166,140D,,Line,""
cv_3167,140E,,Line,""
cv_3168,140F,,Line,""
cv_3169,1410,,Line,""
cv_3170,1411,,Line,""
cv_3171,1412,,Line,""
cv_3172,1413,,Line,""
cv_3173,1414,,Line,""
cv_3174,1415,,Line,""
cv_3175,1416,,Line,""
cv_3176,1417,,Line,""
cv_3177,1418,,Line,""
cv_3178,1419,,Line,""
cv_3179,141A,,Line,""
cv_3180,141B,,Line,""
cv_3181,141C,,Line,""
cv_3182,141D,,Line,""
cv_3183,141E,,Line,""
cv_3184,141F,,Line,""
cv_3185,1426,,Line,""
cv_3186,1427,,Line,""
cv_3187,142B,,Line,""
cv_3188,142C,,Line,""
cv_3189,142D,,Line,""
cv_3190,142E,,Line,""
cv_3191,142F,,Line,""
cv_3192,1430,,Line,""
cv_3193,1431,,Line,""
cv_3194,1435,,Line,""
cv_3195,1436,,Line,""
cv_3196,1437,,Line,""
cv_3197,1438,,Line,""
cv_3198,1439,,Line,""
cv_3199,143A,,Line,""
cv_3200,143B,,Line,""
cv_3201,143C,,Line,""
cv_3202,143D,,Line,""
cv_3203,143E,,Line,""
cv_3204,143F,,Line,""
cv_3205,1440,,Line,""
cv_3206,1443,,Line,""
cv_3207,1444,,Line,""
cv_3208,1446,,Line,""
cv_3209,1447,,Line,""
cv_3210,1448,,Line,""
cv_3211,1449,,Line,""
cv_3212,144A,,Line,""
cv_3213,144B,,Line,""
cv_3214,144C,,Line,""
cv_3215,144D,,Line,""
cv_3216,144E,,Line,""
cv_3217,144F,,Line,""
cv_3218,1450,,Line,""
cv_3219,1454,,Line,""
cv_3220,1456,,Line,""
cv_3221,1457,,Line,""
cv_3222,1458,,Line,""
cv_3223,1459,,Line,""
cv_3224,145C,,Line,""
cv_3225,145E,,Line,""
cv_3226,1460,,Line,""
cv_3227,1461,,Line,""
cv_3228,1462,,Line,""
cv_3229,146E,,Line,""
cv_3230,146F,,Line,""
cv_3231,1471,,Line,""
cv_3232,1473,,Line,""
cv_3233,1474,,Line,""
cv_3234,1475,,Line,""
cv_3235,1478,,Line,""
cv_3236,1479,,Line,""
cv_3237,147A,,Line,""
cv_3238,147B,,Line,""
cv_3239,147C,,Line,""
cv_3240,147D,,Line,""
cv_3241,147E,,Line,""
cv_3242,147F,,Line,""
cv_3243,1480,,Line,""
cv_3244,1486,,Line,""
cv_3245,1487,,Line,""
cv_3246,1488,,Line,""
cv_3247,148A,,Line,""
cv_3248,148B,,Line,""
cv_3249,148D,,Line,""
cv_3250,148E,,Line,""
cv_3251,1492,,Line,""
cv_3252,1493,,Line,""
cv_3253,1494,,Line,""
cv_3254,1495,,Line,""
cv_3255,14B3,,Line,""
cv_3256,14D3,,Line,""
cv_3257,14D4,,Line,""
cv_3258,14D5,,Line,""
cv_3259,14D6,,Line,""
cv_3260,14D7,,Line,""
cv_3261,14EF,,Line,""
cv_3262,14F1,,Line,""
cv_3263,14F2,,Line,""
cv_3264,14F3,,Line,""
cv_3265,14F4,,Line,""
cv_3266,14F5,,Line,""
cv_3267,14F6,,Line,""
cv_3268,14F7,,Line,""
cv_3269,14F8,,Line,""
cv_3270,14F9,,Line,""
cv_3271,14FA,,Line,""
cv_3272,14FB,,Line,""
cv_3273,14FC,,Line,""
cv_3274,14FD,,Line,""
cv_3275,14FE,,Line,""
cv_3276,14FF,,Line,""
cv_3277,1500,,Line,""
cv_3278,1501,,Line,""
cv_3279,1502,,Line,""
cv_3280,1503,,Line,""
cv_3281,1504,,Line,""
cv_3282,1505,,Line,""
cv_3283,1506,,Line,""
cv_3284,1507,,Line,""
cv_3285,1508,,Line,""
cv_3286,1509,,Line,""
cv_3287,150A,,Line,""
cv_3288,150B,,Line,""
cv_3289,150C,,Line,""
cv_3290,150D,,Line,""
cv_3291,150E,,Line,""
cv_3292,150F,,Line,""
cv_3293,1510,,Line,""
cv_3294,1511,,Line,""
cv_3295,1515,,Line,""
cv_3296,1517,,Line,""
cv_3297,1518,,Line,""
cv_3298,1519,,Line,""
cv_3299,151A,,Line,""
cv_3300,151B,,Line,""
cv_3301,151C,,Line,""
cv_3302,151D,,Line,""
cv_3303,151E,,Line,""
cv_3304,151F,,Line,""
cv_3305,1520,,Line,""
cv_3306,1521,,Line,""
cv_3307,1523,,Line,""
cv_3308,1524,,Line,""
cv_3309,1525,,Line,""
cv_3310,1526,,Line,""
cv_3311,1527,,Line,""
cv_3312,1528,,Line,""
cv_3313,1529,,Line,""
cv_3314,1544,,Line,""
cv_3315,1545,,Line,""
cv_3316,156D,,Line,""
cv_3317,156F,,Line,""
cv_3318,1584,,Line,""
cv_3319,1585,,Line,""
cv_3320,1587,,Line,""
cv_3321,158A,,Line,""
cv_3322,15CC,,Line,""
cv_3323,15CD,,Line,""
cv_3324,15CE,,Line,""
cv_3325,15CF,,Line,""
cv_3326,15D0,,Line,""
cv_3327,15E2,,Line,""
cv_3328,15E3,,Line,""
cv_3329,15E4,,Line,""
cv_3330,15E5,,Line,""
cv_3331,15E6,,Line,""
cv_3332,15E7,,Line,""
cv_3333,15E8,,Line,""
cv_3334,15E9,,Line,""
cv_3335,15EA,,Line,""
cv_3336,15EB,,Line,""
cv_3337,15EC,,Line,""
cv_3338,15ED,,Line,""
cv_3339,164D,,Line,""
cv_3340,164E,,Line,""
cv_3341,1655,,Line,""
cv_3342,1656,,Line,""
cv_3343,1658,,Line,""
cv_3344,1659,,Line,""
cv_3345,165A,,Line,""
cv_3346,165B,,Line,""
cv_3347,165C,,Line,""
cv_3348,165D,,Line,""
cv_3349,165E,,Line,""
cv_3350,165F,,Line,""
cv_3351,1660,,Line,""
cv_3352,1661,,Line,""
cv_3353,1662,,Line,""
cv_3354,1663,,Line,""
cv_3355,1664,,Line,""
cv_3356,1665,,Line,""
cv_3357,166A,,Line,""
cv_3358,166C,,Line,""
cv_3359,166D,,Line,""
cv_3360,166E,,Line,""
cv_3361,166F,,Line,""
cv_3362,1670,,Line,""
cv_3363,1671,,Line,""
cv_3364,1672,,Line,""
cv_3365,1673,,Line,""
cv_3366,1674,,Line,""
cv_3367,1675,,Line,""
cv_3368,1676,,Line,""
cv_3369,1677,,Line,""
cv_3370,1678,,Line,""
cv_3371,1679,,Line,""
cv_3372,167A,,Line,""
cv_3373,167B,,Line,""
cv_3374,167C,,Line,""
cv_3375,167D,,Line,""
cv_3376,167E,,Line,""
cv_3377,167F,,Line,""
cv_3378,1680,,Line,""
cv_3379,1681,,Line,""
cv_3380,1682,,Line,""
cv_3381,1683,,Line,""
cv_3382,1684,,Line,""
cv_3383,1685,,Line,""
cv_3384,1686,,Line,""
cv_3385,1687,,Line,""
cv_3386,1688,,Line,""
cv_3387,1689,,Line,""
cv_3388,168A,,Line,""
cv_3389,168B,,Line,""
cv_3390,168D,,Line,""
cv_3391,168E,,Line,""
cv_3392,168F,,Line,""
cv_3393,1690,,Line,""
cv_3394,1691,,Line,""
cv_3395,1692,,Line,""
cv_3396,1693,,Line,""
cv_3397,1694,,Line,""
cv_3398,1695,,Line,""
cv_3399,1696,,Line,""
cv_3400,1697,,Line,""
cv_3401,1698,,Line,""
cv_3402,1699,,Line,""
cv_3403,169A,,Line,""
cv_3404,169B,,Line,""
cv_3405,169C,,Line,""
cv_3406,169D,,Line,""
cv_3407,169E,,Line,""
cv_3408,169F,,Line,""
cv_3409,16A0,,Line,""
cv_3410,16A1,,Line,""
cv_3411,16A2,,Line,""
cv_3412,16A3,,Line,""
cv_3413,16A4,,Line,""
cv_3414,16AC,,Line,""
cv_3415,16AD,,Line,""
cv_3416,16B0,,Line,""
cv_3417,16B8,,Line,""
cv_3418,16B9,,Line,""
cv_3419,16E7,,Line,""
cv_3420,16E8,,Line,""
cv_3421,16E9,,Line,""
cv_3422,16F1,,Line,""
cv_3423,16F3,,Line,""
cv_3424,16F4,,Line,""
cv_3425,16F9,,Line,""
cv_3426,16FA,,Line,""
cv_3427,16FB,,Line,""
cv_3428,16FC,,Line,""
cv_3429,16FD,,Line,""
cv_3430,16FE,,Line,""
cv_3431,16FF,,Line,""
cv_3432,1700,,Line,""
cv_3433,1701,,Line,""
cv_3434,1702,,Line,""
cv_3435,1703,,Line,""
cv_3436,1704,,Line,""
cv_3437,1705,,Line,""
cv_3438,1706,,Line,""
cv_3439,1707,,Line,""
cv_3440,1708,,Line,""
cv_3441,1709,,Line,""
cv_3442,170B,,Line,""
cv_3443,170C,,Line,""
cv_3444,170D,,Line,""
cv_3445,170E,,Line,""
cv_3446,170F,,Line,""
cv_3447,1710,,Line,""
cv_3448,1711,,Line,""
cv_3449,1712,,Line,""
cv_3450,1713,,Line,""
cv_3451,1714,,Line,""
cv_3452,1717,,Line,""
cv_3453,1718,,Line,""
cv_3454,1719,,Line,""
cv_3455,171A,,Line,""
cv_3456,171B,,Line,""
cv_3457,171C,,Line,""
cv_3458,171E,,Line,""
cv_3459,171F,,Line,""
cv_3460,1720,,Line,""
cv_3461,1721,,Line,""
cv_3462,1722,,Line,""
cv_3463,1723,,Line,""
cv_3464,1724,,Line,""
cv_3465,1725,,Line,""
cv_3466,1726,,Line,""
cv_3467,1727,,Line,""
cv_3468,1728,,Line,""
cv_3469,1729,,Line,""
cv_3470,172A,,Line,""
cv_3471,172B,,Line,""
cv_3472,172C,,Line,""
cv_3473,172D,,Line,""
cv_3474,172E,,Line,""
cv_3475,172F,,Line,""
cv_3476,1730,,Line,""
cv_3477,1731,,Line,""
cv_3478,1732,,Line,""
cv_3479,1733,,Line,""
cv_3480,1734,,Line,""
cv_3481,1735,,Line,""
cv_3482,173A,,Line,""
cv_3483,173B,,Line,""
cv_3484,173C,,Line,""
cv_3485,1742,,Line,""
cv_3486,1743,,Line,""
cv_3487,1744,,Line,""
cv_3488,1745,,Line,""
cv_3489,1746,,Line,""
cv_3490,1747,,Line,""
cv_3491,1748,,Line,""
cv_3492,1749,,Line,""
cv_3493,174A,,Line,""
cv_3494,174B,,Line,""
cv_3495,174C,,Line,""
cv_3496,174D,,Line,""
cv_3497,1752,,Line,""
cv_3498,1753,,Line,""
cv_3499,1754,,Line,""
cv_3500,1755,,Line,""
cv_3501,1756,,Line,""
cv_3502,1757,,Line,""
cv_3503,1758,,Line,""
cv_3504,1759,,Line,""
cv_3505,175A,,Line,""
cv_3506,175B,,Line,""
cv_3507,175C,,Line,""
cv_3508,175D,,Line,""
cv_3509,175E,,Line,""
cv_3510,1762,,Line,""
cv_3511,1764,,Line,""
cv_3512,1767,,Line,""
cv_3513,1768,,Line,""
cv_3514,1769,,Line,""
cv_3515,176A,,Line,""
cv_3516,176B,,Line,""
cv_3517,176D,,Line,""
cv_3518,1773,,Line,""
cv_3519,177A,,Line,""
cv_3520,177F,,Line,""
cv_3521,1780,,Line,""
cv_3522,1781,,Line,""
cv_3523,1782,,Line,""
cv_3524,1783,,Line,""
cv_3525,1784,,Line,""
cv_3526,1785,,Line,""
cv_3527,1786,,Line,""
cv_3528,1787,,Line,""
cv_3529,1788,,Line,""
cv_3530,1789,,Line,""
cv_3531,178A,,Line,""
cv_3532,178B,,Line,""
cv_3533,178C,,Line,""
cv_3534,178D,,Line,""
cv_3535,178E,,Line,""
cv_3536,178F,,Line,""
cv_3537,1790,,Line,""
cv_3538,1791,,Line,""
cv_3539,1792,,Line,""
cv_3540,1798,,Line,""
cv_3541,1799,,Line,""
cv_3542,179A,,Line,""
cv_3543,179B,,Line,""
cv_3544,179C,,Line,""
cv_3545,17C2,,Line,""
cv_3546,17C3,,Line,""
cv_3547,17C6,,Line,""
cv_3548,17CA,,Line,""
cv_3549,17CC,,Line,""
cv_3550,17CD,,Line,""
cv_3551,17CF,,Line,""
cv_3552,17D1,,Line,""
cv_3553,17D2,,Line,""
cv_3554,17D3,,Line,""
cv_3555,17D4,,Line,""
cv_3556,17D5,,Line,""
cv_3557,17D6,,Line,""
cv_3558,17D7,,Line,""
cv_3559,17D8,,Line,""
cv_3560,17D9,,Line,""
cv_3561,17DA,,Line,""
cv_3562,17DB,,Line,""
cv_3563,17DC,,Line,""
cv_3564,17DF,,Line,""
cv_3565,17E0,,Line,""
cv_3566,17E1,,Line,""
cv_3567,17E2,,Line,""
cv_3568,17E3,,Line,""
cv_3569,17E4,,Line,""
cv_3570,17E5,,Line,""
cv_3571,17E6,,Line,""
cv_3572,17E7,,Line,""
cv_3573,17E8,,Line,""
cv_3574,17EA,,Line,""
cv_3575,17EB,,Line,""
cv_3576,17EC,,Line,""
cv_3577,17ED,,Line,""
cv_3578,17EE,,Line,""
cv_3579,17EF,,Line,""
cv_3580,17F0,,Line,""
cv_3581,17F1,,Line,""
cv_3582,17F2,,Line,""
cv_3583,17F3,,Line,""
cv_3584,17F4,,Line,""
cv_3585,17F5,,Line,""
cv_3586,17F6,,Line,""
cv_3587,17F7,,Line,""
cv_3588,17FA,,Line,""
cv_3589,17FB,,Line,""
cv_3590,17FC,,Line,""
cv_3591,1803,,Line,""
cv_3592,1804,,Line,""
cv_3593,1805,,Line,""
cv_3594,1806,,Line,""
cv_3595,181A,,Line,""
cv_3596,181B,,Line,""
cv_3597,181C,,Line,""
cv_3598,181D,,Line,""
cv_3599,181E,,Line,""
cv_3600,181F,,Line,""
cv_3601,1820,,Line,""
cv_3602,1821,,Line,""
cv_3603,1822,,Line,""
cv_3604,1823,,Line,""
cv_3605,1824,,Line,""
cv_3606,1825,,Line,""
cv_3607,1859,,Line,""
cv_3608,185A,,Line,""
cv_3609,1868,,Line,""
cv_3610,186C,,Line,""
cv_3611,186D,,Line,""
cv_3612,186F,,Line,""
cv_3613,1870,,Line,""
cv_3614,1871,,Line,""
cv_3615,1876,,Line,""
cv_3616,1877,,Line,""
cv_3617,1878,,Line,""
cv_3618,1879,,Line,""
cv_3619,187A,,Line,""
cv_3620,187B,,Line,""
cv_3621,187D,,Line,""
cv_3622,187E,,Line,""
cv_3623,187F,,Line,""
cv_3624,1880,,Line,""
cv_3625,1881,,Line,""
cv_3626,1882,,Line,""
cv_3627,1883,,Line,""
cv_3628,1884,,Line,""
cv_3629,1885,,Line,""
cv_3630,1886,,Line,""
cv_3631,1887,,Line,""
cv_3632,1888,,Line,""
cv_3633,1889,,Line,""
cv_3634,188C,,Line,""
cv_3635,188D,,Line,""
cv_3636,188E,,Line,""
cv_3637,188F,,Line,""
cv_3638,1890,,Line,""
cv_3639,1891,,Line,""
cv_3640,1892,,Line,""
cv_3641,1893,,Line,""
cv_3642,1894,,Line,""
cv_3643,1895,,Line,""
cv_3644,1896,,Line,""
cv_3645,1897,,Line,""
cv_3646,1898,,Line,""
cv_3647,1899,,Line,""
cv_3648,189A,,Line,""
cv_3649,189B,,Line,""
cv_3650,189C,,Line,""
cv_3651,189D,,Line,""
cv_3652,189E,,Line,""
cv_3653,18A0,,Line,""
cv_3654,18A1,,Line,""
cv_3655,18A2,,Line,""
cv_3656,18A3,,Line,""
cv_3657,18A4,,Line,""
cv_3658,18A5,,Line,""
cv_3659,18A6,,Line,""
cv_3660,18A7,,Line,""
cv_3661,18A8,,Line,""
cv_3662,18A9,,Line,""
cv_3663,18AA,,Line,""
cv_3664,18AB,,Line,""
cv_3665,18AC,,Line,""
cv_3666,18AD,,Line,""
cv_3667,18B3,,Line,""
cv_3668,18B5,,Line,""
cv_3669,18B8,,Line,""
cv_3670,18B9,,Line,""
cv_3671,18BA,,Line,""
cv_3672,18BB,,Line,""
cv_3673,18BC,,Line,""
cv_3674,18BD,,Line,""
cv_3675,18BE,,Line,""
cv_3676,18BF,,Line,""
cv_3677,18C0,,Line,""
cv_3678,18C1,,Line,""
cv_3679,18C2,,Line,""
cv_3680,18C3,,Line,""
cv_3681,18C4,,Line,""
cv_3682,18C5,,Line,""
cv_3683,18C6,,Line,""
cv_3684,18C7,,Line,""
cv_3685,18C8,,Line,""
cv_3686,18C9,,Line,""
cv_3687,18CA,,Line,""
cv_3688,18CB,,Line,""
cv_3689,18CC,,Line,""
cv_3690,18CD,,Line,""
cv_3691,18CE,,Line,""
cv_3692,18CF,,Line,""
cv_3693,18D0,,Line,""
cv_3694,18D1,,Line,""
cv_3695,18D2,,Line,""
cv_3696,18D3,,Line,""
cv_3697,18D4,,Line,""
cv_3698,18D5,,Line,""
cv_3699,18D6,,Line,""
cv_3700,18D7,,Line,""
cv_3701,18D8,,Line,""
cv_3702,18D9,,Line,""
cv_3703,18DA,,Line,""
cv_3704,18DB,,Line,""
cv_3705,18DC,,Line,""
cv_3706,18DD,,Line,""
cv_3707,18DE,,Line,""
cv_3708,18DF,,Line,""
cv_3709,18E0,,Line,""
cv_3710,18E1,,Line,""
cv_3711,18E2,,Line,""
cv_3712,18E3,,Line,""
cv_3713,18E4,,Line,""
cv_3714,18E5,,Line,""
cv_3715,18E6,,Line,""
cv_3716,18E7,,Line,""
cv_3717,18E8,,Line,""
cv_3718,18E9,,Line,""
cv_3719,18EA,,Line,""
cv_3720,18EB,,Line,""
cv_3721,18EC,,Line,""
cv_3722,18ED,,Line,""
cv_3723,18EE,,Line,""
cv_3724,18EF,,Line,""
cv_3725,18F0,,Line,""
cv_3726,18F1,,Line,""
cv_3727,18F2,,Line,""
cv_3728,18F3,,Line,""
cv_3729,18F4,,Line,""
cv_3730,197A,,Line,""
cv_3731,197B,,Line,""
cv_3732,1980,,Line,""
cv_3733,1995,,Line,""
cv_3734,1996,,Line,""
cv_3735,1997,,Line,""
cv_3736,1998,,Line,""
cv_3737,1999,,Line,""
cv_3738,199A,,Line,""
cv_3739,199B,,Line,""
cv_3740,199C,,Line,""
cv_3741,199D,,Line,""
cv_3742,199E,,Line,""
cv_3743,19A1,,Line,""
cv_3744,19A2,,Line,""
cv_3745,19A3,,Line,""
cv_3746,19A4,,Line,""
cv_3747,19A5,,Line,""
cv_3748,19A6,,Line,""
cv_3749,19A7,,Line,""
cv_3750,19A8,,Line,""
cv_3751,19A9,,Line,""
cv_3752,19AA,,Line,""
cv_3753,19AB,,Line,""
cv_3754,19AC,,Line,""
cv_3755,19AD,,Line,""
cv_3756,19AE,,Line,""
cv_3757,19AF,,Line,""
cv_3758,19B0,,Line,""
cv_3759,19B1,,Line,""
cv_3760,19B2,,Line,""
cv_3761,19B3,,Line,""
cv_3762,19B4,,Line,""
cv_3763,19B5,,Line,""
cv_3764,19B6,,Line,""
cv_3765,19B7,,Line,""
cv_3766,19B8,,Line,""
cv_3767,19B9,,Line,""
cv_3768,19BA,,Line,""
cv_3769,19BB,,Line,""
cv_3770,19BC,,Line,""
cv_3771,19BD,,Line,""
cv_3772,19BE,,Line,""
cv_3773,19BF,,Line,""
cv_3774,19C0,,Line,""
cv_3775,19C1,,Line,""
cv_3776,19C4,,Line,""
cv_3777,19C5,,Line,""
cv_3778,19C6,,Line,""
cv_3779,19C7,,Line,""
cv_3780,19C8,,Line,""
cv_3781,19CA,,Line,""
cv_3782,19CB,,Line,""
cv_3783,19CC,,Line,""
cv_3784,19CD,,Line,""
cv_3785,19CE,,Line,""
cv_3789,159C,,Polyline,""
cv_3790,16B2,,Polyline,""
cv_3791,D4F,,Polyline,""
cv_3792,D74,,Polyline,""
cv_3793,D9B,,Polyline,""
cv_3794,D9F,,Polyline,""
cv_3795,DAC,,Text,""
cv_3796,DE4,,Polyline,""
cv_3797,DEB,,Polyline,""
cv_3798,DF4,,Polyline,""
cv_3799,E81,,Polyline,""
cv_3800,E84,,Polyline,""
cv_3801,E8A,,Polyline,""
cv_3802,FAD,,Polyline,""
cv_3803,FAE,,Polyline,""
cv_3804,FAF,,Polyline,""
cv_3805,FB0,,Polyline,""
cv_3806,FB1,,Polyline,""
cv_3807,1179,,Polyline,""
cv_3808,11BB,,Polyline,""
cv_3809,12BF,,Polyline,""
cv_3810,13BF,,Polyline,""
cv_3811,14BC,,Polyline,""
cv_3812,14CC,,Polyline,""
cv_3813,14D2,,Polyline,""
cv_3814,153F,,Polyline,""
cv_3815,159C,,Polyline,""
cv_3816,16B2,,Polyline,""
cv_3817,1737,,Polyline,""
cv_3818,1979,,Polyline,""
cv_3819,197D,,Polyline,""
cv_3820,1992,,Polyline,""
cv_3821,16B3,,Polyline,""
cv_3822,DAC,,Text,""
cv_3823,E80,,Line,""
cv_3824,E83,,Line,""
cv_3825,FA5,,Line,""
cv_3826,1178,,Line,""
cv_3827,14A6,,Line,""
cv_3828,14D1,,Line,""
cv_3829,14D8,,Polyline,""
cv_3830,1513,,Polyline,""
cv_3831,155D,,Polyline,""
cv_3832,16B3,,Polyline,""
cv_3833,173E,,Polyline,""
cv_3834,1993,,Polyline,""
cv_3835,19E1,,Polyline,""
cv_3836,19E1,,Polyline,""
cv_3837,159B,,Text,""
cv_3838,1612,,Text,""
cv_3839,FD8,,Text,""
cv_3840,FD9,,Text,""
cv_3841,FDA,,Text,""
cv_3842,13E6,,Text,""
cv_3843,190E,,Text,""
cv_3844,190F,,Text,""
cv_3845,FDE,,Text,""
cv_3846,1383,,Text,""
cv_3847,13CA,,Text,""
cv_3848,14C8,,Text,""
cv_3849,14CB,,Text,""
cv_3850,14DF,,Text,""
cv_3851,1535,,Text,""
cv_3852,159B,,Text,""
cv_3853,1612,,Text,""
cv_3854,19F4,,Text,""
cv_3858,86,158F,Polyline,"Lane_2"
cv_3859,87,158F,Polyline,"Lane_2"
cv_3860,88,158F,Polyline,"Lane_2"
cv_3861,89,158F,Polyline,"Lane_2"
cv_3862,8A,158F,Polyline,"Lane_2"
cv_3863,8B,158F,Polyline,"Lane_2"
cv_3864,8C,158F,Polyline,"Lane_2"
cv_3865,8D,158F,Polyline,"Lane_2"
cv_3866,8E,158F,Polyline,"Lane_2"
cv_3867,8F,158F,Polyline,"Lane_2"
cv_3868,90,158F,Polyline,"Lane_2"
cv_3870,86,1592,Polyline,"Lane_3"
cv_3871,87,1592,Polyline,"Lane_3"
cv_3872,88,1592,Polyline,"Lane_3"
cv_3873,89,1592,Polyline,"Lane_3"
cv_3874,8A,1592,Polyline,"Lane_3"
cv_3875,8B,1592,Polyline,"Lane_3"
cv_3876,8C,1592,Polyline,"Lane_3"
cv_3877,8D,1592,Polyline,"Lane_3"
cv_3878,8E,1592,Polyline,"Lane_3"
cv_3879,8F,1592,Polyline,"Lane_3"
cv_3880,90,1592,Polyline,"Lane_3"
cv_3882,86,15F8,Polyline,"Lane_4"
cv_3883,87,15F8,Polyline,"Lane_4"
cv_3884,88,15F8,Polyline,"Lane_4"
cv_3885,89,15F8,Polyline,"Lane_4"
cv_3886,8A,15F8,Polyline,"Lane_4"
cv_3887,8B,15F8,Polyline,"Lane_4"
cv_3888,8C,15F8,Polyline,"Lane_4"
cv_3889,8D,15F8,Polyline,"Lane_4"
cv_3890,8E,15F8,Polyline,"Lane_4"
cv_3891,8F,15F8,Polyline,"Lane_4"
cv_3892,90,15F8,Polyline,"Lane_4"
cv_3894,86,16AE,Polyline,"Lane_5"
cv_3895,87,16AE,Polyline,"Lane_5"
cv_3896,88,16AE,Polyline,"Lane_5"
cv_3897,89,16AE,Polyline,"Lane_5"
cv_3898,8A,16AE,Polyline,"Lane_5"
cv_3899,8B,16AE,Polyline,"Lane_5"
cv_3900,8C,16AE,Polyline,"Lane_5"
cv_3901,8D,16AE,Polyline,"Lane_5"
cv_3902,8E,16AE,Polyline,"Lane_5"
cv_3903,8F,16AE,Polyline,"Lane_5"
cv_3905,86,16C7,Polyline,"Lane_6"
cv_3906,87,16C7,Polyline,"Lane_6"
cv_3907,88,16C7,Polyline,"Lane_6"
cv_3908,89,16C7,Polyline,"Lane_6"
cv_3909,8A,16C7,Polyline,"Lane_6"
cv_3910,8B,16C7,Polyline,"Lane_6"
cv_3911,8C,16C7,Polyline,"Lane_6"
cv_3912,8D,16C7,Polyline,"Lane_6"
cv_3913,8E,16C7,Polyline,"Lane_6"
cv_3914,8F,16C7,Polyline,"Lane_6"
cv_3915,90,16C7,Polyline,"Lane_6"
cv_3917,86,158F,Polyline,"Lane_7"
cv_3918,87,158F,Polyline,"Lane_7"
cv_3919,88,158F,Polyline,"Lane_7"
cv_3920,89,158F,Polyline,"Lane_7"
cv_3921,8A,158F,Polyline,"Lane_7"
cv_3922,8B,158F,Polyline,"Lane_7"
cv_3923,8C,158F,Polyline,"Lane_7"
cv_3924,8D,158F,Polyline,"Lane_7"
cv_3925,8E,158F,Polyline,"Lane_7"
cv_3926,8F,158F,Polyline,"Lane_7"
cv_3927,90,158F,Polyline,"Lane_7"
cv_3929,86,1592,Polyline,"Lane_8"
cv_3930,87,1592,Polyline,"Lane_8"
cv_3931,88,1592,Polyline,"Lane_8"
cv_3932,89,1592,Polyline,"Lane_8"
cv_3933,8A,1592,Polyline,"Lane_8"
cv_3934,8B,1592,Polyline,"Lane_8"
cv_3935,8C,1592,Polyline,"Lane_8"
cv_3936,8D,1592,Polyline,"Lane_8"
cv_3937,8E,1592,Polyline,"Lane_8"
cv_3938,8F,1592,Polyline,"Lane_8"
cv_3939,90,1592,Polyline,"Lane_8"
cv_3941,86,15F8,Polyline,"Lane_9"
cv_3942,87,15F8,Polyline,"Lane_9"
cv_3943,88,15F8,Polyline,"Lane_9"
cv_3944,89,15F8,Polyline,"Lane_9"
cv_3945,8A,15F8,Polyline,"Lane_9"
cv_3946,8B,15F8,Polyline,"Lane_9"
cv_3947,8C,15F8,Polyline,"Lane_9"
cv_3948,8D,15F8,Polyline,"Lane_9"
cv_3949,8E,15F8,Polyline,"Lane_9"
cv_3950,8F,15F8,Polyline,"Lane_9"
cv_3951,90,15F8,Polyline,"Lane_9"
cv_3953,86,16AE,Polyline,"Lane_10"
cv_3954,87,16AE,Polyline,"Lane_10"
cv_3955,88,16AE,Polyline,"Lane_10"
cv_3956,89,16AE,Polyline,"Lane_10"
cv_3957,8A,16AE,Polyline,"Lane_10"
cv_3958,8B,16AE,Polyline,"Lane_10"
cv_3959,8C,16AE,Polyline,"Lane_10"
cv_3960,8D,16AE,Polyline,"Lane_10"
cv_3961,8E,16AE,Polyline,"Lane_10"
cv_3962,8F,16AE,Polyline,"Lane_10"
cv_3963,90,16AE,Polyline,"Lane_10"
cv_3965,86,16C7,Polyline,"Lane_11"
cv_3966,87,16C7,Polyline,"Lane_11"
cv_3967,88,16C7,Polyline,"Lane_11"
cv_3968,89,16C7,Polyline,"Lane_11"
cv_3969,8A,16C7,Polyline,"Lane_11"
cv_3970,8B,16C7,Polyline,"Lane_11"
cv_3971,8C,16C7,Polyline,"Lane_11"
cv_3972,8D,16C7,Polyline,"Lane_11"
cv_3973,8E,16C7,Polyline,"Lane_11"
cv_3974,8F,16C7,Polyline,"Lane_11"
cv_3975,90,16C7,Polyline,"Lane_11"
cv_3977,159E,,Text,""
cv_3978,183E,,Text,""
cv_3979,1963,,Polyline,""
cv_3980,159E,,Text,""
cv_3981,159E,,Text,""
cv_3982,159E,,Text,""
cv_3983,159E,,Text,""
cv_3984,159E,,Text,""
cv_3985,159E,,Text,""
cv_3986,D72,,Line,""
cv_3987,D75,,Line,""
cv_3988,DA3,,Line,""
cv_3989,DA9,,Line,""
cv_3990,DB4,,Line,""
cv_3991,DBB,,Line,""
cv_3992,1027,,Line,""
cv_3993,121D,,Line,""
cv_3994,14C9,,Polyline,""
cv_3995,14D9,,Line,""
cv_3996,14DB,,Line,""
cv_3997,14DE,,Line,""
cv_3998,1550,,Line,""
cv_3999,1972,,Line,""
cv_4000,D94,,Text,""
cv_4001,DE6,,Text,""
cv_4002,E28,,Text,""
cv_4003,E64,,Text,""
cv_4004,F10,,Text,""
cv_4005,1241,,Text,""
cv_4006,1242,,Text,""
cv_4007,14AC,,Text,""
cv_4008,14AE,,Text,""
cv_4009,19D8,,Text,""
cv_4010,19D9,,Text,""
cv_4011,DE8,,Text,""
cv_4012,DED,,Text,""
cv_4013,DEE,,Text,""
cv_4014,DEF,,Text,""
cv_4015,E7F,,Text,""
cv_4016,E82,,Text,""
cv_4017,1177,,Text,""
cv_4018,117A,,Text,""
cv_4019,117B,,Text,""
cv_4020,117C,,Text,""
cv_4021,117D,,Text,""
cv_4022,13C0,,Text,""
cv_4023,13C1,,Text,""
cv_4024,13C2,,Text,""
cv_4025,14AA,,Text,""
cv_4026,14B7,,Text,""
cv_4027,14CE,,Text,""
cv_4028,14CF,,Text,""
cv_4029,14D0,,Text,""
cv_4030,1583,,Text,""
cv_4031,159E,,Text,""
cv_4032,1985,,Text,""
cv_4033,1987,,Text,""
cv_4034,DFA,,Text,""
cv_4035,191D,,Text,""
cv_4036,191E,,Text,""
cv_4037,F1A,,Text,""
cv_4038,F21,,Text,""
cv_4039,FE7,,Text,""
cv_4040,1283,,Text,""
cv_4041,15C5,,Text,""
cv_4042,1968,,Text,""
cv_4043,1016,,Text,""
cv_4044,1282,,Text,""
cv_4045,1314,,Text,""
cv_4046,15C4,,Text,""
cv_4047,1967,,Text,""
cv_4048,198A,,Text,""
cv_4049,10F3,,Text,""
cv_4050,10F6,,Text,""
cv_4051,1133,,Text,""
cv_4052,13C6,,Text,""
cv_4053,13E2,,Text,""
cv_4054,154B,,Text,""
cv_4055,185B,,Text,""
cv_4056,12FF,,Text,""
cv_4057,1546,,Text,""
cv_4058,183E,,Text,""
cv_4059,1928,,Text,""
cv_4062,17BF,,Text,""
cv_4063,17BF,,Text,""
cv_4067,19FF,,Polyline,""
cv_4068,1A01,,Polyline,""
cv_4069,19F9,,Region,""
cv_4070,19F9,,Region,""
cv_4071,19F9,,Region,""
cv_4072,19F9,,Region,""
cv_4073,19F9,,Region,""
cv_4074,19FD,,Region,""
cv_4075,19FD,,Region,""
cv_4076,19FD,,Region,""
cv_4077,1A04,,Line,""
cv_4078,1A05,,Line,""
cv_4079,1A06,,Line,""
cv_4080,1A07,,Line,""
cv_4081,1A08,,Line,""
cv_4082,1A09,,Line,""
cv_4083,1A0A,,Line,""
cv_4084,1A0B,,Line,""
cv_4085,19F9,,Region,""
cv_4086,19FD,,Region,""
cv_4087,19FA,,Circle,""
cv_4088,1A03,,MText,""
cv_4089,1A03,,MText,""
cv_4090,1A03,,MText,""
cv_4091,1A03,,MText,""
cv_4092,1A0C,,MText,""
cv_4093,1A0C,,MText,""
